"Treatment","Year","wshed","CARBac","BTYW10","GCKI10","HEWA10","OCWA10","RUHU10","WIFL10","WIWA10","MAMU10"
"Triad-I",5,"w10",1.31,-0.0812999999999997,0.1504,0.2608,-0.1843,-0.1264,-0.8946,0.2988,0.0023
"Triad-I",10,"w10",3.19,2.1259,4.102,4.5238,1.3486,0.2677,-0.4413,4.3199,0.0427
"Triad-I",15,"w10",5.5,4.3389,8.2941,8.8311,2.4152,0.7111,-0.3151,8.4324,0.0845
"Triad-I",20,"w10",7.07,5.8569,12.2896,12.7704,3.355,1.1304,-0.1621,12.1123,0.1274
"Triad-I",25,"w10",7.93,7.1766,16.305,16.6335,4.3745,1.6465,0.5015,15.6986,0.1702
"Triad-I",30,"w10",7.08,8.1122,19.978,19.8253,5.4875,2.1702,1.0536,19.1647,0.2141
"Triad-I",35,"w10",7.46,9.2353,23.733,23.0726,7.2012,2.8347,2.5966,23.0026,0.2569
"Triad-I",40,"w10",9.83,10.7508,27.2507,26.4288,9.0144,3.3213,3.264,27.6018,0.2988
"Triad-I",45,"w10",9.78,12.66,30.782,29.5678,10.6689,3.8504,3.6879,31.6774,0.3415
"Triad-I",50,"w10",12.94,14.8651,34.5168,32.9302,12.4805,4.507,5.0173,35.9138,0.385
"Triad-I",55,"w10",13.51,16.9817,38.2602,36.6476,14.6681,4.9975,5.7171,40.4129,0.4255
"Triad-I",60,"w10",16.75,19.4111,42.2239,40.7034,16.4411,5.4335,5.9427,44.6373,0.4667
"Triad-I",65,"w10",18.16,21.9714,46.2202,44.8859,17.9077,5.9107,6.0136,48.7036,0.5068
"Triad-I",70,"w10",18.16,24.2786,50.2012,48.8165,19.1933,6.5058,6.2088,52.6524,0.5474
"Triad-I",75,"w10",21.89,26.3397,53.9469,52.6565,20.4439,6.9988,6.5613,56.5911,0.5888
"Triad-I",80,"w10",25,28.0626,57.9277,56.5984,21.4811,7.4209,6.6999,60.0348,0.6311
"Triad-I",85,"w10",23.04,29.7165,61.8642,60.3968,22.3587,7.883,6.8529,63.21,0.6743
"Triad-I",90,"w10",24.32,31.324,65.6437,64.1803,23.3568,8.3562,7.5165,66.647,0.7183
"Triad-I",95,"w10",27.39,32.6958,69.5274,67.7176,24.3141,8.7275,7.8012,70.0254,0.7626
"Triad-I",100,"w10",30.71,34.0371,73.5268,71.299,25.0778,9.0355,7.871,73.0472,0.8071
"Triad-I",5,"w111",3.57,-0.585599999999999,0.2873,0.249499999999999,-0.3999,-0.0429,-0.3773,-0.185499999999999,0.0028
"Triad-I",10,"w111",6.53,1.358,4.3083,4.7466,0.5383,0.3104,-0.3244,3.2075,0.036
"Triad-I",15,"w111",9.13,2.8894,8.3056,9.0577,1.1984,0.6925,-0.3216,6.3602,0.0704
"Triad-I",20,"w111",9.92,3.7575,12.048,12.8236,1.7788,1.1199,-0.2256,9.0505,0.1056
"Triad-I",25,"w111",6.57,4.4417,15.1007,15.7899,2.6279,1.7076,0.4932,11.6869,0.1399
"Triad-I",30,"w111",6.07,5.1409,17.8296,18.2754,4.1334,2.3499,2.1729,15.0729,0.1753
"Triad-I",35,"w111",5.2,6.2107,20.7449,20.6462,6.038,2.9598,3.651,18.9345,0.212
"Triad-I",40,"w111",7.78,7.8879,23.8499,23.3862,8.1271,3.4923,5.0683,23.0088,0.25
"Triad-I",45,"w111",10.64,10.0931,27.2018,26.6963,10.113,3.9335,6.0252,27.4188,0.2886
"Triad-I",50,"w111",14.2,12.4499,30.7412,30.4779,11.8576,4.2774,6.3562,31.7861,0.3271
"Triad-I",55,"w111",13.78,14.9457,34.3095,34.6712,13.7922,4.6094,6.5086,35.8874,0.3601
"Triad-I",60,"w111",16.18,17.3529,38.0832,38.913,15.3664,5.0697,6.6055,39.7416,0.3927
"Triad-I",65,"w111",17.45,19.5386,41.9479,42.818,16.6908,5.6854,6.6433,43.4156,0.4254
"Triad-I",70,"w111",19.64,21.4012,45.5683,46.4277,17.8403,6.2702,6.6483,46.8778,0.4581
"Triad-I",75,"w111",21.71,23.0857,49.0773,49.9228,18.7941,6.7085,6.6497,50.0627,0.4915
"Triad-I",80,"w111",23.6,24.7089,52.4498,53.5454,19.5395,7.0843,6.652,53.0429,0.5257
"Triad-I",85,"w111",23.4,26.2819,55.7173,57.0338,20.1918,7.4251,6.7477,55.834,0.5606
"Triad-I",90,"w111",18.77,27.8057,58.7204,60.0559,21.1061,7.9061,7.4665,58.4919,0.5963
"Triad-I",95,"w111",17.99,29.1695,61.8371,63.1265,22.6047,8.463,9.0821,61.5309,0.6328
"Triad-I",100,"w111",15.74,30.6351,65.0193,66.1158,24.313,8.9731,10.2117,64.8508,0.6701
"Triad-I",5,"w113",0.82,-0.1561,0.1519,0.1411,0.0728,-0.0805,-0.774,0.2436,-0.000100000000000003
"Triad-I",10,"w113",-3.19,1.5673,3.3028,3.6531,1.8052,0.3089,-0.4358,3.633,0.0298
"Triad-I",15,"w113",-1.5,3.6461,6.4936,7.1828,3.3924,0.8384,0.2951,7.1411,0.0598
"Triad-I",20,"w113",-2.41,5.6379,9.4965,10.4066,4.9516,1.4262,0.7232,10.7964,0.0898
"Triad-I",25,"w113",-1.8,7.6131,12.4106,13.4038,6.5906,2.0048,1.4582,14.1787,0.12
"Triad-I",30,"w113",-1.22,9.5633,15.49,16.5268,8.2973,2.5375,2.4736,17.5978,0.151
"Triad-I",35,"w113",0.890000000000001,11.5866,18.7433,19.9551,10.0189,3.0741,3.4285,21.3422,0.1829
"Triad-I",40,"w113",4.17,13.834,21.8261,23.5667,11.4662,3.4443,3.8078,25.3083,0.2154
"Triad-I",45,"w113",7.78,16.073,25.0899,27.3453,12.569,3.7408,3.899,28.8257,0.2483
"Triad-I",50,"w113",3.64,18.0016,28.2128,30.837,13.7303,4.199,4.1887,32.0528,0.2798
"Triad-I",55,"w113",6.16,19.6467,31.3985,34.3364,15.3316,4.7656,5.5956,35.3981,0.3113
"Triad-I",60,"w113",8.06,21.2835,34.7696,37.8342,16.892,5.2472,6.2001,38.8297,0.3433
"Triad-I",65,"w113",10.37,22.9319,38.1199,41.5067,18.1709,5.6533,6.3468,41.8672,0.3755
"Triad-I",70,"w113",10.95,24.7188,41.2878,45.1614,19.0435,6.0394,6.3468,45.0512,0.407
"Triad-I",75,"w113",11.04,26.1591,44.1535,48.373,19.8456,6.427,6.4682,48.33,0.4393
"Triad-I",80,"w113",13.37,27.4132,47.3472,51.6456,20.7883,6.8141,7.1329,51.3649,0.4725
"Triad-I",85,"w113",12.75,28.4791,50.7339,54.9409,21.7285,7.1782,7.5371,54.25,0.5066
"Triad-I",90,"w113",9.08,29.5665,54.0732,58.022,22.8041,7.6808,8.2704,57.252,0.5416
"Triad-I",95,"w113",9.71,30.7578,57.0694,60.8682,24.0876,8.1951,9.2775,60.6986,0.5774
"Triad-I",100,"w113",11.56,32.1626,60.0861,63.9148,25.7981,8.6108,10.2119,64.2123,0.6113
"Triad-I",5,"w114",2.94,-0.2804,0.1514,0.183,-0.3966,-0.00270000000000004,-0.4374,-0.0223999999999993,0.0023
"Triad-I",10,"w114",5.5,1.5906,3.9969,4.4074,0.5691,0.3714,-0.3415,3.5703,0.0386
"Triad-I",15,"w114",8.28,3.1464,7.9559,8.5022,1.4205,0.8011,-0.0374000000000001,6.9758,0.0765
"Triad-I",20,"w114",8.1,4.1087,11.7696,12.1977,2.2322,1.2569,0.2022,10.1826,0.1159
"Triad-I",25,"w114",6.92,4.9698,15.2376,15.4645,3.2293,1.8068,0.9401,13.309,0.1549
"Triad-I",30,"w114",4.96,5.8682,18.2989,17.9859,4.59,2.4455,2.102,16.7861,0.1953
"Triad-I",35,"w114",6.38,7.0775,21.4997,20.7136,6.6971,3.0923,4.0554,20.8971,0.2358
"Triad-I",40,"w114",7.33,8.861,24.8104,23.6777,8.7898,3.5932,4.9692,25.2575,0.2766
"Triad-I",45,"w114",9.8,11.1824,28.2991,27.1696,10.939,4.0685,5.9135,29.6165,0.3165
"Triad-I",50,"w114",12.81,13.7829,32.057,30.9944,12.6442,4.5338,6.305,34.0875,0.3571
"Triad-I",55,"w114",13.49,16.2615,35.7274,35.1346,14.6399,4.926,6.4841,38.3719,0.3926
"Triad-I",60,"w114",16.38,18.7796,39.6299,39.3558,16.1408,5.4045,6.5615,42.3172,0.4283
"Triad-I",65,"w114",19.1,20.9609,43.6101,43.4183,17.3767,5.9385,6.5858,46.0121,0.4644
"Triad-I",70,"w114",19.54,22.8893,47.5171,47.2357,18.4099,6.5256,6.5872,49.5164,0.5008
"Triad-I",75,"w114",21.71,24.549,50.9996,50.7968,19.3203,6.9424,6.6445,52.9199,0.5381
"Triad-I",80,"w114",22.87,26.107,54.6172,54.4235,20.1549,7.3748,6.9491,55.9759,0.5763
"Triad-I",85,"w114",22.2,27.5871,58.0113,57.9518,20.9612,7.7593,7.1887,58.9834,0.6153
"Triad-I",90,"w114",20.33,29.0792,61.453,61.3207,21.9712,8.2086,7.9266,61.8719,0.6552
"Triad-I",95,"w114",15.58,30.4824,64.4654,64.2068,23.3638,8.8061,9.0885,65.0378,0.6955
"Triad-I",100,"w114",16.91,31.9281,67.7683,67.4064,25.3368,9.4163,11.0266,68.5762,0.7364
"Triad-I",5,"w115",1.07,0.2058,0.0396999999999998,0.2177,0.1451,-0.2519,-1.5215,0.659599999999999,0.0018
"Triad-I",10,"w115",1.26,2.4351,3.5883,3.9977,2.3236,0.1252,-0.8772,4.9055,0.0434
"Triad-I",15,"w115",2.09,5.1609,7.4347,8.1167,3.87,0.5487,-0.6972,9.1968,0.0854
"Triad-I",20,"w115",3.6,7.4756,11.0707,12.1002,5.2211,1.0148,-0.5667,13.4131,0.1268
"Triad-I",25,"w115",6.68,9.4448,14.8982,15.977,6.4757,1.5067,-0.1556,17.3585,0.1688
"Triad-I",30,"w115",9.83,10.8552,19.043,19.9256,7.574,1.9091,0.0441000000000003,20.8773,0.2112
"Triad-I",35,"w115",8.86,12.2341,23.2068,23.7341,8.7057,2.4631,0.2967,24.445,0.2523
"Triad-I",40,"w115",12.52,13.6775,26.7334,27.2608,9.7731,2.9553,0.7013,28.4972,0.294
"Triad-I",45,"w115",15.49,15.1725,30.3492,30.5672,10.74,3.3862,0.8626,32.1245,0.3364
"Triad-I",50,"w115",11.76,16.7053,33.62,33.7325,12.0658,3.8752,1.1988,35.3233,0.3759
"Triad-I",55,"w115",14.32,18.3587,37.1692,37.1256,13.7806,4.4593,2.6536,38.7296,0.4157
"Triad-I",60,"w115",16.53,20.2399,41.0055,40.4973,15.4743,4.9752,3.275,42.5069,0.456
"Triad-I",65,"w115",11.67,22.3142,44.3871,43.7547,17.0581,5.5185,3.6739,46.043,0.4967
"Triad-I",70,"w115",12.23,24.6049,47.7618,47.1548,18.8365,6.1393,5.092,49.8002,0.5374
"Triad-I",75,"w115",14.16,26.7096,51.1616,50.8247,20.6624,6.6518,5.998,54.1434,0.5786
"Triad-I",80,"w115",17.73,28.9267,54.8433,54.7931,22.16,7.0027,6.2796,58.2626,0.6206
"Triad-I",85,"w115",20.49,31.1688,58.7756,58.8649,23.2081,7.3707,6.3885,61.9827,0.6634
"Triad-I",90,"w115",21.2,32.8657,62.8378,62.9447,24.185,7.8439,6.7957,65.6792,0.707
"Triad-I",95,"w115",23.76,34.1674,66.6895,66.8532,25.0531,8.24,6.9704,69.4114,0.7507
"Triad-I",100,"w115",27.7,35.2352,70.72,70.5691,25.7495,8.5703,7.0132,72.674,0.7953
"Triad-I",5,"w65",3.16,-0.8474,0.0673999999999992,-0.2539,-0.2011,0.047,0.0053,-0.5514,0.0019
"Triad-I",10,"w65",-0.43,-0.2718,3.5178,2.8999,0.3721,0.6578,0.3164,2.0184,0.0384
"Triad-I",15,"w65",2.52,0.2556,6.2968,5.5129,1.6176,1.2877,1.8817,5.5466,0.076
"Triad-I",20,"w65",5.08000000000001,1.0643,9.2926,8.1028,2.9951,1.7116,2.6421,9.2344,0.1142
"Triad-I",25,"w65",6.55,2.4,12.5089,11.3954,4.4342,1.9762,2.8808,12.5353,0.15
"Triad-I",30,"w65",0.0700000000000003,4.1773,15.4814,14.0583,5.7028,2.5176,3.348,15.9201,0.1865
"Triad-I",35,"w65",2.78,5.8967,18.618,16.8993,7.843,3.2635,5.6573,19.7954,0.2235
"Triad-I",40,"w65",0.710000000000001,7.9354,21.7316,20.205,10.5857,3.7758,6.7131,24.2124,0.2556
"Triad-I",45,"w65",5.71,10.5798,25.1393,24.091,12.7865,4.1521,7.0243,28.2538,0.288
"Triad-I",50,"w65",6.3,13.7352,28.8161,28.1385,14.3776,4.7099,7.0614,32.3139,0.3197
"Triad-I",55,"w65",10.5,16.3835,32.1766,32.0619,15.7335,5.2175,7.0751,36.4359,0.3516
"Triad-I",60,"w65",14.85,18.6968,35.6882,35.9192,16.8411,5.5897,7.0797,39.9128,0.3842
"Triad-I",65,"w65",18.85,20.4144,39.4145,40.0955,17.6564,5.9321,7.0797,42.7074,0.4176
"Triad-I",70,"w65",15.92,21.8911,43.3621,44.1591,18.2408,6.3521,7.085,45.4713,0.4518
"Triad-I",75,"w65",11.78,23.2759,46.2871,47.2297,18.9454,6.8606,7.3961,48.5634,0.4867
"Triad-I",80,"w65",14.63,24.3992,49.2371,50.1427,20.2536,7.4249,8.9614,51.554,0.5224
"Triad-I",85,"w65",16.45,25.619,52.3459,53.4933,21.6365,7.8168,9.7218,54.6003,0.558
"Triad-I",90,"w65",17.48,27.2075,55.7549,57.1893,22.7946,8.0902,9.9257,57.6955,0.5945
"Triad-I",95,"w65",7.74,28.8107,58.7853,60.0762,23.831,8.6028,10.3582,60.5938,0.6317
"Triad-I",100,"w65",8.49,30.2504,61.7388,63.1655,25.7378,9.3032,12.6538,64.136,0.6681
"Triad-I",5,"w68",3.76000000000001,-0.4286,0.3247,0.3163,-0.4996,-0.0347000000000001,-0.4231,-0.132900000000001,0.0033
"Triad-I",10,"w68",5.96,1.6286,4.4694,4.8476,0.476,0.3528,-0.3736,3.5271,0.0312
"Triad-I",15,"w68",9.42,3.2437,8.4781,9.2135,1.1933,0.7122,-0.3736,6.9125,0.0618
"Triad-I",20,"w68",11.47,4.1208,12.5206,13.2787,1.7525,1.1021,-0.3656,9.7321,0.0949
"Triad-I",25,"w68",10.36,4.7909,16.0104,16.7746,2.3056,1.617,-0.2011,12.6948,0.1283
"Triad-I",30,"w68",4.84,5.3345,18.7244,18.8043,3.4101,2.3073,0.9819,15.6641,0.1639
"Triad-I",35,"w68",6.61000000000001,6.1679,21.7702,21.0181,5.7189,3.1369,4.0216,19.5533,0.2012
"Triad-I",40,"w68",9.06,7.6472,25.0295,23.7942,8.1309,3.6417,5.283,24.3003,0.2401
"Triad-I",45,"w68",11.78,10.0221,28.4572,27.1963,10.201,3.996,5.7243,28.7138,0.2795
"Triad-I",50,"w68",15.27,12.8871,32.1366,31.1178,11.8893,4.4024,6.1965,33.2016,0.3187
"Triad-I",55,"w68",14.28,15.4787,35.7349,35.3501,14.0112,4.7923,6.4859,37.7344,0.3527
"Triad-I",60,"w68",18.66,18.0341,39.6167,39.6444,15.7181,5.2645,6.6171,41.7744,0.3874
"Triad-I",65,"w68",21.62,20.2724,43.8135,43.7992,17.0678,5.8483,6.6445,45.3294,0.4229
"Triad-I",70,"w68",20.27,22.2089,47.87,47.6294,18.1898,6.5299,6.6445,48.9255,0.4587
"Triad-I",75,"w68",24.37,23.9629,51.2532,51.163,19.1535,6.9667,6.6445,52.7057,0.4953
"Triad-I",80,"w68",28.24,25.6293,54.7154,54.737,19.8903,7.3215,6.6445,55.8142,0.5327
"Triad-I",85,"w68",29.87,27.2104,58.296,58.5978,20.4708,7.6185,6.6525,58.5126,0.5709
"Triad-I",90,"w68",25.78,28.6607,61.8708,62.2462,21.0535,7.9729,6.817,61.1997,0.6099
"Triad-I",95,"w68",14.12,29.8135,64.7232,64.7147,22.1941,8.6484,8,64.0052,0.6497
"Triad-I",100,"w68",15.53,31.0169,67.8488,67.4805,24.4969,9.4434,11.0397,67.4035,0.6902
"Triad-I",5,"w82",0.18,-0.1475,-0.0399999999999991,-0.2611,-0.2848,0.0277000000000001,-0.2829,-0.0251999999999999,9e-04
"Triad-I",10,"w82",-6.85,1.106,1.3078,1.8845,0.927,0.4418,0.5442,1.6194,0.0062
"Triad-I",15,"w82",-5.41,2.3169,2.8046,4.1892,2.8625,0.9918,2.8195,3.5879,0.0122
"Triad-I",20,"w82",-6.54,3.7719,4.2288,6.7849,4.8062,1.3757,3.7709,6.1946,0.0168
"Triad-I",25,"w82",-3.23,5.6974,5.8189,9.562,6.3117,1.662,4.0281,8.9152,0.0222
"Triad-I",30,"w82",-0.890000000000001,7.7829,7.5554,12.3019,7.2977,1.9062,4.1433,11.5069,0.0285
"Triad-I",35,"w82",2.46,9.3691,9.5905,15.2502,8.2992,2.201,4.6872,13.9903,0.0357
"Triad-I",40,"w82",4.89,10.6507,11.6777,18.2801,9.2213,2.4109,4.9331,16.2537,0.043
"Triad-I",45,"w82",6.67,11.6628,13.9333,21.2659,9.9441,2.6435,5.1022,17.9664,0.0512
"Triad-I",50,"w82",-1.84,12.8113,15.7895,24.031,11.3364,3.053,5.6895,20.0073,0.0533
"Triad-I",55,"w82",0.789999999999999,14.1741,17.2109,26.5564,12.7523,3.4564,6.3656,22.5339,0.0556
"Triad-I",60,"w82",3.72,15.8766,18.8347,28.9416,14.0393,3.8265,6.6143,24.6584,0.0581
"Triad-I",65,"w82",6.45,17.5595,20.6608,31.7115,15.0718,4.1342,6.6577,26.1468,0.0608
"Triad-I",70,"w82",3.69,19.1838,22.5413,34.5537,15.907,4.3811,6.726,27.6805,0.0637
"Triad-I",75,"w82",-3.85,20.6424,23.7092,36.5856,16.9522,4.8508,7.4819,29.4342,0.0674
"Triad-I",80,"w82",-2.41,22.1265,25.0566,38.7923,18.7551,5.3789,9.7322,31.6129,0.0719
"Triad-I",85,"w82",-1.6,23.9377,26.6228,41.4073,20.5442,5.6942,10.6751,34.2361,0.0772
"Triad-I",90,"w82",0.819999999999997,26.0325,28.3332,44.4808,21.9116,5.8846,10.9323,36.7606,0.0833
"Triad-I",95,"w82",1.63,28.1405,30.2016,47.5576,22.7505,6.1173,11.0475,38.9958,0.0902
"Triad-I",100,"w82",4.8,29.7775,32.1633,50.7243,23.6644,6.3722,11.5914,41.1178,0.0977
"Triad-I",5,"w97",3.05,-0.4592,0.0913000000000004,-0.1244,-0.2135,0.0796,-0.1327,-0.0983999999999998,0.0034
"Triad-I",10,"w97",-1.8,0.8555,3.6087,3.4164,1.1157,0.5508,0.2914,3.3144,0.0438
"Triad-I",15,"w97",-0.909999999999997,2.2245,7.1375,6.9299,2.8477,1.1421,1.5582,6.96,0.0826
"Triad-I",20,"w97",-1.97,3.8329,10.7144,10.1498,4.5563,1.7883,2.1823,11.0463,0.1221
"Triad-I",25,"w97",0.68,5.7515,14.1222,13.2122,6.2737,2.4111,2.8727,15.0308,0.1622
"Triad-I",30,"w97",1.92,7.8967,17.5618,16.3459,7.9668,2.9789,3.7138,19.0311,0.203
"Triad-I",35,"w97",5.6,10.0171,21.1371,19.8985,9.7198,3.4771,4.6262,23.1254,0.2447
"Triad-I",40,"w97",4.7,12.3318,24.6371,23.6016,11.4857,3.9074,5.1155,27.1288,0.2847
"Triad-I",45,"w97",6.34,14.8032,28.2603,27.5579,13.3129,4.3968,5.9753,31.0879,0.3237
"Triad-I",50,"w97",7.28,17.248,31.9975,31.4981,14.9456,4.9621,6.5277,35.312,0.3632
"Triad-I",55,"w97",11.61,19.4225,35.7213,35.4439,16.3771,5.4515,6.8036,39.3498,0.4031
"Triad-I",60,"w97",15.02,21.5042,39.6719,39.4426,17.4691,5.8689,6.8715,42.9292,0.4436
"Triad-I",65,"w97",18.01,23.1477,43.6508,43.5786,18.3196,6.2433,6.883,46.1251,0.4849
"Triad-I",70,"w97",17.23,24.531,47.4481,47.5677,18.9976,6.6459,6.9092,49.2529,0.5258
"Triad-I",75,"w97",14.9,25.6822,50.7276,50.8246,19.7583,7.1254,7.2612,52.4386,0.567
"Triad-I",80,"w97",15.9,26.7176,54.2277,54.0174,20.9297,7.6749,8.4614,55.8068,0.6091
"Triad-I",85,"w97",15.44,27.7761,57.7634,57.2083,22.1664,8.1265,9.0512,59.4357,0.6521
"Triad-I",90,"w97",15.83,29.1346,61.3547,60.4237,23.4513,8.5744,9.7355,62.9509,0.6959
"Triad-I",95,"w97",19.14,30.6695,65.1532,63.8295,24.7041,8.9997,10.4592,66.5008,0.7406
"Triad-I",100,"w97",21.17,32.0837,69.0171,67.414,25.8424,9.3479,10.7327,70.0691,0.7854
"Triad-I",5,"w99",-0.760000000000005,-0.2482,-0.3126,-0.3415,0.274,0.0829,0.0773,-0.2739,-0.004
"Triad-I",10,"w99",-3.44,0.9379,2.9486,2.6928,1.7005,0.7312,1.0795,3.0944,0.0355
"Triad-I",15,"w99",-1.69,2.3775,6.0226,5.5564,3.6199,1.3875,2.4337,7.0882,0.0741
"Triad-I",20,"w99",-0.740000000000002,4.2125,9.23,8.4689,5.4808,1.947,3.0399,11.009,0.1131
"Triad-I",25,"w99",3.51,6.4385,12.6727,11.8952,7.1509,2.3937,3.618,14.7606,0.1526
"Triad-I",30,"w99",4.45,8.7753,16.2524,15.6119,8.632,2.8129,3.8817,18.5988,0.1897
"Triad-I",35,"w99",2.02,10.9944,19.5613,19.074,10.0994,3.2996,4.4138,22.2622,0.2272
"Triad-I",40,"w99",2.69,13.2432,22.9541,22.679,12.0347,3.89,5.8012,26.0314,0.2633
"Triad-I",45,"w99",4.52,15.3893,26.5123,26.4655,13.9058,4.4294,6.5964,30.0799,0.2999
"Triad-I",50,"w99",7.21,17.6822,30.1607,30.3574,15.4216,4.9006,6.8287,34.0315,0.3371
"Triad-I",55,"w99",11.84,19.9844,33.7732,34.3068,16.5052,5.3083,6.8523,37.7964,0.3749
"Triad-I",60,"w99",15.23,21.8076,37.5193,38.292,17.3594,5.6595,6.856,41.0468,0.4134
"Triad-I",65,"w99",17.11,23.2858,41.1713,42.3781,18.0681,5.9946,6.8788,44.0104,0.4513
"Triad-I",70,"w99",15.27,24.3599,44.7117,45.9772,18.7159,6.3964,7.0298,46.8655,0.4898
"Triad-I",75,"w99",10.9,25.3018,48.0603,48.9881,19.702,7.0033,7.9751,49.9127,0.5288
"Triad-I",80,"w99",12.71,26.2811,51.3202,51.9634,21.1325,7.5686,9.2903,53.6093,0.5687
"Triad-I",85,"w99",13.52,27.4946,54.6175,54.9378,22.5547,7.9903,9.8811,57.2422,0.6095
"Triad-I",90,"w99",16.73,29.1251,58.0972,58.3909,23.8458,8.3646,10.4554,60.6748,0.6507
"Triad-I",95,"w99",14.16,30.8623,61.6061,62.0812,25.2601,8.709,10.7437,64.2469,0.6891
"Triad-I",100,"w99",10.98,32.6323,64.9325,65.4873,26.7475,9.1839,11.2483,67.843,0.7264
"Triad-E",5,"w100",3.95,-0.6877,0.1579,-0.0305,-0.144,-0.00859999999999994,-0.0519,-0.4534,0.00399999999999999
"Triad-E",10,"w100",1.03,0.4823,4.8183,4.4083,0.8259,0.5057,0.0073,3.1815,0.0555
"Triad-E",15,"w100",-1.21,1.8369,8.7692,8.2246,2.0253,1.0813,0.2065,7.1591,0.1024
"Triad-E",20,"w100",1.83,3.3407,12.7408,11.6953,3.4115,1.754,0.8829,11.2657,0.1507
"Triad-E",25,"w100",-4.31,5.1919,16.5076,15.1341,5.3732,2.4358,1.3183,15.4721,0.1891
"Triad-E",30,"w100",-3.68,7.5028,20.2284,18.4566,7.3937,3.1561,2.0811,19.9148,0.2288
"Triad-E",35,"w100",-8.43,10.436,24.0057,22.1382,10.067,3.8925,3.135,24.7724,0.2577
"Triad-E",40,"w100",-8.71,13.9483,27.8055,26.3118,12.8161,4.5632,3.6274,29.8567,0.2844
"Triad-E",45,"w100",-7.44,18.1421,31.7368,30.7422,15.3016,5.2052,3.8213,34.8103,0.3105
"Triad-E",50,"w100",-4.68,22.3391,35.8221,35.4098,17.4116,5.941,3.9637,39.5546,0.3371
"Triad-E",55,"w100",-4.77,26.2511,39.971,40.2321,19.5272,6.5933,4.0644,44.1091,0.3621
"Triad-E",60,"w100",-1.64,30.085,44.1199,45.1957,21.2754,7.1981,4.1248,48.4264,0.3885
"Triad-E",65,"w100",0.799999999999997,33.4895,48.3827,50.145,22.6724,7.7966,4.1439,52.3611,0.4168
"Triad-E",70,"w100",1.39,36.5318,52.5032,55.0524,23.789,8.3962,4.1455,56.0097,0.4459
"Triad-E",75,"w100",3.12,39.247,56.3201,59.7255,24.7299,8.8807,4.1455,59.9035,0.4765
"Triad-E",80,"w100",4.12,41.3465,60.2384,64.0414,25.5434,9.3772,4.2604,63.3351,0.5095
"Triad-E",85,"w100",4.64,43.2588,64.2963,68.4776,26.4967,9.909,4.8855,66.7749,0.5433
"Triad-E",90,"w100",4.23,44.893,68.3535,72.5781,27.4869,10.4136,5.2448,70.3942,0.5797
"Triad-E",95,"w100",3.87,46.3876,72.3239,76.4944,28.6127,10.9621,5.8691,74.0307,0.6168
"Triad-E",100,"w100",5.3,47.8498,76.3736,80.349,29.7302,11.491,6.4247,78.0523,0.6554
"Triad-E",5,"w101",2.6,-0.6042,0.0515000000000008,0.0394000000000005,-0.0106000000000002,-0.0269,-0.2618,-0.0385999999999997,0.0013
"Triad-E",10,"w101",4.36000000000001,0.925,4.2649,4.2304,0.9156,0.4098,-0.1174,3.3613,0.0483
"Triad-E",15,"w101",0.32,2.7212,8.3452,8.3641,2.3134,0.9522,0.3507,7.0391,0.0871
"Triad-E",20,"w101",3.37,4.2984,12.2154,12.2901,3.6171,1.4852,0.583,10.6933,0.1279
"Triad-E",25,"w101",1.13,6.0975,15.7574,16.0684,4.8523,2.063,0.6527,14.2677,0.1661
"Triad-E",30,"w101",-0.459999999999994,7.8907,19.0211,19.2457,6.124,2.7099,0.8804,18.0901,0.2035
"Triad-E",35,"w101",-9.95,10.0115,22.3111,22.6494,8.5925,3.3447,2.1292,22.3286,0.2246
"Triad-E",40,"w101",-8.55,12.8012,25.7871,26.4544,10.9659,3.9687,2.7392,27.0166,0.246
"Triad-E",45,"w101",-5.20999999999999,16.1423,29.4823,30.3298,12.9955,4.6168,2.9183,31.4558,0.269
"Triad-E",50,"w101",-3.02,19.6384,33.3548,34.387,14.6165,5.2888,2.9703,35.5713,0.2937
"Triad-E",55,"w101",-7.91999999999999,22.9855,36.8165,38.8735,17.0356,5.7482,3.1171,39.8151,0.3104
"Triad-E",60,"w101",-7.05,26.5279,40.3642,43.4354,18.9875,6.3362,3.3288,43.7785,0.3285
"Triad-E",65,"w101",-4.69,30.1875,44.0969,47.9122,20.815,7.0612,3.8067,47.5881,0.3478
"Triad-E",70,"w101",-4.52999999999999,33.5657,47.8653,52.2719,22.4526,7.8,3.9933,51.225,0.3683
"Triad-E",75,"w101",-5.16999999999999,36.589,51.0968,56.4917,23.8931,8.327,4.1119,55.0886,0.3897
"Triad-E",80,"w101",-2.26,39.3162,54.6129,60.8298,25.0853,8.8446,4.5081,58.7621,0.4135
"Triad-E",85,"w101",0.330000000000005,41.9282,58.3697,65.3365,26.0991,9.2433,4.6781,62.313,0.4395
"Triad-E",90,"w101",1.99,44.2136,62.3525,69.9417,26.9307,9.6173,4.7198,65.4095,0.4676
"Triad-E",95,"w101",-1.61,45.9578,65.699,73.9866,27.7104,10.1469,4.9271,68.6493,0.4955
"Triad-E",100,"w101",-0.889999999999993,47.3251,69.1989,77.7451,28.9447,10.7599,6.068,72.2952,0.5244
"Triad-E",5,"w107",0.019999999999996,-0.0477999999999996,0.0465,0.206099999999999,-0.0922999999999998,0.00239999999999996,-0.0943,-0.0434000000000001,-0.000600000000000003
"Triad-E",10,"w107",-0.0700000000000003,1.9444,4.5294,5.0372,1.3462,0.4505,-0.00780000000000003,3.7906,0.039
"Triad-E",15,"w107",-10.42,4.173,8.4057,9.8362,3.3408,1.0206,0.152,7.767,0.0637
"Triad-E",20,"w107",-7.12,6.5227,12.337,14.0233,5.056,1.7672,0.2651,12.0688,0.0905
"Triad-E",25,"w107",-5.11,9.0376,16.3814,17.7295,6.6276,2.6116,0.2973,16.5038,0.1188
"Triad-E",30,"w107",-5.36,11.4944,20.1667,20.925,8.1782,3.3813,0.519,20.559,0.1491
"Triad-E",35,"w107",-5.49,14.0362,23.9375,24.2449,10.1197,4.1287,1.8661,24.8076,0.1819
"Triad-E",40,"w107",-4.22000000000001,16.8791,27.8039,28.1325,12.3356,4.786,3.1646,29.5585,0.2161
"Triad-E",45,"w107",-10.52,20.4569,31.4021,32.7037,15.2357,5.2414,3.7569,34.591,0.2428
"Triad-E",50,"w107",-6.84,24.7562,35.2689,37.6128,17.4343,5.7926,3.9647,39.5681,0.2709
"Triad-E",55,"w107",-4.92,28.8796,39.3856,42.5166,19.5155,6.4924,4.0416,44.3728,0.2976
"Triad-E",60,"w107",-1.26000000000001,32.4341,43.814,47.4248,21.2913,7.205,4.077,48.4968,0.3256
"Triad-E",65,"w107",1.51,35.5372,48.2929,52.3748,22.8032,7.7739,4.089,52.1914,0.3548
"Triad-E",70,"w107",1.2,38.0727,52.5985,57.3035,23.9751,8.4179,4.089,55.6879,0.3848
"Triad-E",75,"w107",0.469999999999999,40.4941,56.2716,61.8356,24.9172,8.9729,4.089,59.7763,0.4149
"Triad-E",80,"w107",3.7,42.8022,59.8692,65.9247,25.6903,9.4461,4.089,64.0715,0.4476
"Triad-E",85,"w107",7.15,44.6273,63.9001,70.0796,26.3342,9.8486,4.089,67.9816,0.4828
"Triad-E",90,"w107",8.86,46.1247,68.5404,74.4743,26.851,10.2378,4.089,71.3613,0.5206
"Triad-E",95,"w107",11.27,47.4461,73.367,78.6592,27.3467,10.627,4.089,74.6773,0.561
"Triad-E",100,"w107",4.55,48.404,77.66,82.3933,28.3977,11.1401,4.3646,77.622,0.5992
"Triad-E",5,"w119",-4.98,0.3385,-0.0606000000000009,0.4406,0.141,-0.0438,-0.2382,-0.0377999999999989,-0.0082
"Triad-E",10,"w119",-7.54,3.2931,4.1232,5.2207,2.0598,0.4347,-0.1046,4.6334,0.0321
"Triad-E",15,"w119",-4.82,6.2103,8.5714,9.891,3.6791,1.0675,-0.0175999999999999,9.0165,0.073
"Triad-E",20,"w119",-6,8.9591,13.0357,14.4083,5.496,1.7785,0.0507,13.028,0.1069
"Triad-E",25,"w119",-6.9,11.5845,17.2787,18.8418,7.3069,2.4809,0.1271,16.9097,0.1363
"Triad-E",30,"w119",-9.7,14.4066,20.8312,22.6897,9.1202,3.2408,0.3894,20.9155,0.1628
"Triad-E",35,"w119",-8.48,17.403,24.2489,26.2431,11.1932,4.0959,1.6022,25.2432,0.1911
"Triad-E",40,"w119",-7.59,20.6837,27.9229,29.958,13.4357,4.8256,2.7143,29.9835,0.2215
"Triad-E",45,"w119",-4.95,24.1279,31.7968,34.2729,15.6022,5.3937,3.3616,34.7966,0.2532
"Triad-E",50,"w119",-1.6,27.6071,35.9665,39.0581,17.2154,5.8668,3.5516,39.4617,0.287
"Triad-E",55,"w119",-0.700000000000003,30.9977,40.2783,44.0989,18.7397,6.322,3.6229,43.9145,0.32
"Triad-E",60,"w119",-0.969999999999999,34.0603,44.5318,49.2455,20.4624,6.7983,3.7231,48.0572,0.3501
"Triad-E",65,"w119",0.810000000000002,36.6893,48.8078,54.2717,21.8863,7.3876,3.7976,51.8062,0.3801
"Triad-E",70,"w119",0.390000000000001,39.0907,52.9628,58.8117,23.1284,8.1209,3.8204,55.7305,0.4102
"Triad-E",75,"w119",2.63,41.1341,57.0197,62.881,24.2346,8.7606,3.8224,59.775,0.4423
"Triad-E",80,"w119",3.69,43.0661,61.0492,66.9058,25.2597,9.2786,3.8314,63.6828,0.4751
"Triad-E",85,"w119",6.16,44.8932,65.0292,71.0152,26.1021,9.7479,3.8397,67.52,0.5097
"Triad-E",90,"w119",7.36,46.6972,69.1838,75.1005,26.8122,10.1738,3.8425,71.2921,0.5464
"Triad-E",95,"w119",6.67,48.4053,73.4686,78.9875,27.6438,10.6194,3.9252,75.0367,0.5841
"Triad-E",100,"w119",2.06,50.0219,77.5594,82.7511,29.1234,11.1581,4.486,78.8266,0.6191
"Triad-E",5,"w26",3.51,-0.893999999999999,0.1158,-0.0356000000000005,-0.1724,-0.000499999999999945,0.0034,-0.500200000000001,0.0035
"Triad-E",10,"w26",-1.61,0.7877,4.6006,4.9637,1.0861,0.4363,0.0839,3.0701,0.0431
"Triad-E",15,"w26",-3.19,2.6698,9.0044,9.5428,2.3477,1.0497,0.1898,7.0232,0.0796
"Triad-E",20,"w26",-6.88,4.585,12.8044,13.1879,4.0186,1.7775,0.501,10.6974,0.1099
"Triad-E",25,"w26",-6.55,6.7589,16.4034,16.7643,6.0766,2.6794,1.7128,14.5602,0.1389
"Triad-E",30,"w26",-6.29000000000001,9.2277,19.8306,20.1251,8.1547,3.4138,2.2951,19.1602,0.1692
"Triad-E",35,"w26",-4.39,12.0277,23.5072,23.6694,10.1117,4.0738,2.8769,23.8038,0.2018
"Triad-E",40,"w26",-4.17,15.2848,27.4453,27.8677,12.2948,4.6128,3.5295,28.6675,0.2321
"Triad-E",45,"w26",-1.06,18.728,31.5283,32.4428,14.1563,5.1298,3.8163,33.6243,0.2643
"Triad-E",50,"w26",2.58,22.0601,35.8257,37.1025,15.6443,5.6764,3.8847,38.2894,0.2985
"Triad-E",55,"w26",-0.0300000000000011,25.134,40.0971,42.0287,17.6561,6.2129,3.9912,42.5279,0.3262
"Triad-E",60,"w26",0.32,28.287,44.374,46.946,19.5726,6.8186,4.1276,46.8281,0.353
"Triad-E",65,"w26",3.39,31.3063,48.5993,51.5796,21.2134,7.5425,4.1943,50.8538,0.3811
"Triad-E",70,"w26",3.62,34.205,52.611,55.9603,22.6639,8.3002,4.2048,54.5496,0.4087
"Triad-E",75,"w26",5.11,36.8826,56.3891,60.2016,23.938,8.8706,4.2048,58.3103,0.4379
"Triad-E",80,"w26",5.58,39.3152,60.1754,64.5365,24.9671,9.3657,4.2048,62.2399,0.4684
"Triad-E",85,"w26",4.09999999999999,41.5619,63.9668,68.4489,25.8983,9.9058,4.4175,66.0512,0.5014
"Triad-E",90,"w26",5.9,43.8818,68.0063,72.4812,27.2013,10.4986,5.5745,70.0102,0.5369
"Triad-E",95,"w26",8,45.8169,72.2688,76.6576,28.508,10.9778,6.0708,74.1071,0.575
"Triad-E",100,"w26",8.73,47.6597,76.5777,80.9147,29.5918,11.4286,6.2385,77.9248,0.6141
"Triad-E",5,"w52",3.72,-0.8066,0.3142,0.101299999999998,0.0781000000000001,-0.000300000000000078,0.0431,-0.595799999999999,-0.00180000000000001
"Triad-E",10,"w52",6.13,1.4771,4.9039,5.1126,1.1522,0.5055,0.1207,3.1433,0.0369
"Triad-E",15,"w52",4.04,3.1092,9.2581,9.6435,2.4954,1.1029,0.4042,6.1777,0.0713
"Triad-E",20,"w52",0.740000000000002,4.8959,13.0372,13.8478,3.9615,1.9113,1.0708,9.8087,0.1032
"Triad-E",25,"w52",2.28,6.6926,16.3264,17.1161,5.4735,2.6037,1.4804,14.171,0.137
"Triad-E",30,"w52",4.79,8.7148,20.0201,20.5111,7.0979,3.2596,2.2907,18.6117,0.1722
"Triad-E",35,"w52",7.08,10.97,24.1248,24.3824,8.637,3.7458,2.6272,23.2761,0.2074
"Triad-E",40,"w52",7.27,13.3855,28.2772,28.3622,10.0634,4.2382,2.8303,27.8474,0.2441
"Triad-E",45,"w52",9.92,15.85,32.5888,32.566,11.5499,4.7837,3.3931,32.3714,0.2816
"Triad-E",50,"w52",-0.799999999999997,18.5315,36.5607,37.1464,14.2371,5.2945,3.8102,37.0029,0.3077
"Triad-E",55,"w52",1.46,21.849,40.6222,41.745,16.5462,5.966,4.047,41.6853,0.3343
"Triad-E",60,"w52",2.25,25.4445,44.7819,46.1056,18.8141,6.8045,4.1466,46.0886,0.3591
"Triad-E",65,"w52",3.18,29.0094,48.819,50.368,20.8308,7.6906,4.1845,50.244,0.3837
"Triad-E",70,"w52",6.07,32.4207,52.6643,54.6405,22.5892,8.3038,4.1965,54.4108,0.4101
"Triad-E",75,"w52",7.19,35.6656,56.5317,59.1724,23.973,8.894,4.217,58.4018,0.4377
"Triad-E",80,"w52",7.22,38.7843,60.3857,63.5851,25.1589,9.4277,4.4345,62.4213,0.4677
"Triad-E",85,"w52",9.22,41.8348,64.3415,68.0806,26.3806,9.9644,5.0589,66.5556,0.5002
"Triad-E",90,"w52",8.26,44.3007,68.2459,72.3695,27.5641,10.4881,5.4558,70.6606,0.5351
"Triad-E",95,"w52",11.13,46.4758,72.5458,76.8788,28.8062,11.0235,6.2661,74.3467,0.5721
"Triad-E",100,"w52",11.1,48.7501,76.8028,81.5418,30.2789,11.4841,6.6308,78.3124,0.6074
"Triad-E",5,"w66",3.31,-0.6864,0.2866,-0.0159000000000002,-0.1889,0.0081,0,-0.5126,0.0028
"Triad-E",10,"w66",-2.61000000000001,0.718900000000001,4.8993,4.4394,1.2695,0.5208,0.1181,3.38,0.0487
"Triad-E",15,"w66",-7.72000000000001,2.4978,8.7351,8.3867,3.139,1.1231,0.4271,7.3214,0.0852
"Triad-E",20,"w66",-7.79000000000001,4.8546,12.4192,11.9616,5.1747,1.9933,1.2498,11.3768,0.1206
"Triad-E",25,"w66",-15.78,7.6716,15.6224,15.062,7.8968,2.9661,1.9713,15.8332,0.145
"Triad-E",30,"w66",-13.38,11.0652,19.0695,18.4388,10.8083,3.8168,3.3154,20.6888,0.1711
"Triad-E",35,"w66",-11.37,15.0093,22.9355,22.4619,13.3606,4.5237,3.8481,25.8492,0.1989
"Triad-E",40,"w66",-7.89,19.1478,26.9854,27.0769,15.3964,5.1061,3.9725,30.7794,0.2287
"Triad-E",45,"w66",-4.66,23.3546,31.2066,32.0059,16.8747,5.565,3.9736,35.4813,0.2609
"Triad-E",50,"w66",-5.52,26.9211,35.2828,37.2874,18.6278,6.0124,4.0494,40.0235,0.2894
"Triad-E",55,"w66",-4.73,30.1001,39.6171,42.5913,20.1744,6.5365,4.152,44.2074,0.3175
"Triad-E",60,"w66",-1.8,33.1793,44.0681,47.5864,21.4725,7.1641,4.2045,48.1277,0.3472
"Triad-E",65,"w66",-0.760000000000005,35.6171,48.5256,52.2164,22.6341,7.8673,4.2136,51.54,0.3786
"Triad-E",70,"w66",-0.560000000000002,37.6233,52.413,56.713,23.6643,8.4386,4.2136,54.8121,0.4092
"Triad-E",75,"w66",-0.0500000000000043,39.5758,56.0262,60.9315,24.53,8.9364,4.2136,58.4683,0.4407
"Triad-E",80,"w66",-0.120000000000005,41.275,59.7302,64.7513,25.3292,9.4214,4.3418,62.0294,0.4747
"Triad-E",85,"w66",-1.56,43.0234,63.6907,68.6804,26.3465,9.9705,5.0618,65.785,0.5097
"Triad-E",90,"w66",-4.67,44.5913,67.4226,72.081,27.5467,10.5678,5.6964,70.0537,0.5473
"Triad-E",95,"w66",-2.2,46.1498,71.5537,75.68,29.0863,11.178,6.9749,74.3518,0.5875
"Triad-E",100,"w66",0.309999999999995,47.9892,76.0122,79.6116,30.5019,11.6706,7.4821,78.8934,0.6304
"Triad-E",5,"w72",0.920000000000002,-0.4063,0.0449999999999999,0.212199999999999,-0.1281,-0.00129999999999997,-0.0814,-0.0991999999999997,-0.0011
"Triad-E",10,"w72",4.1,1.8189,4.6815,5.0709,0.8979,0.4728,-0.0248,3.976,0.0461
"Triad-E",15,"w72",6.15,3.7793,9.2917,9.6049,1.8463,1.0065,0.0736,7.715,0.0946
"Triad-E",20,"w72",1.77,5.3622,13.742,14.0569,3.4456,1.5957,0.532,11.1829,0.1332
"Triad-E",25,"w72",-5.39,7.2582,17.441,18.1528,5.3141,2.2812,0.9239,14.9599,0.1627
"Triad-E",30,"w72",-5.47,9.6259,20.6688,21.4608,7.326,3.1286,1.7995,19.338,0.193
"Triad-E",35,"w72",-3.9,12.3767,24.2248,24.7373,9.6921,3.9857,2.9824,24.2155,0.2228
"Triad-E",40,"w72",-0.719999999999999,15.4377,28.2223,28.5347,11.9069,4.5988,3.4485,29.1868,0.2544
"Triad-E",45,"w72",2.19,18.7853,32.4119,32.9404,13.7829,5.1013,3.5706,33.9968,0.2869
"Triad-E",50,"w72",5.96,22.0674,36.7937,37.6388,15.1568,5.6066,3.6027,38.579,0.3217
"Triad-E",55,"w72",-1.14,25.3843,40.8984,42.5581,17.2811,6.0976,3.7937,43.1109,0.3491
"Triad-E",60,"w72",0.230000000000004,28.6898,44.8993,47.5175,19.3336,6.6778,3.9783,47.53,0.3749
"Triad-E",65,"w72",1.84,31.916,49.1485,52.1965,21.0703,7.4356,4.0626,51.6351,0.4013
"Triad-E",70,"w72",3.24,35.0361,53.3369,56.565,22.6039,8.2597,4.0787,55.6333,0.4288
"Triad-E",75,"w72",6.08,37.8018,57.393,60.8319,23.9841,8.8329,4.0982,59.4269,0.4583
"Triad-E",80,"w72",5.32,40.3528,61.2126,65.2145,25.1352,9.378,4.1758,62.9125,0.4884
"Triad-E",85,"w72",6.41,42.8166,64.9194,69.6512,26.207,9.881,4.5545,66.7189,0.5199
"Triad-E",90,"w72",5.11,45.2269,68.7452,73.74,27.2145,10.3763,4.8267,70.6817,0.5539
"Triad-E",95,"w72",8.15,47.3243,72.8989,77.8414,28.3394,10.8849,5.4681,74.7273,0.5901
"Triad-E",100,"w72",9.22,49.1634,77.3293,82.0428,29.5969,11.328,5.7634,78.6664,0.6254
"Triad-E",5,"w93",-7.53,-0.0989,-0.223599999999999,0.2728,0.9005,-0.0433,-0.000900000000000012,-0.224,-0.0151
"Triad-E",10,"w93",-6.39,2.1732,3.9774,4.7392,2.5208,0.5491,0.1631,3.9117,0.0212
"Triad-E",15,"w93",-9,4.6982,7.8835,8.5414,4.3375,1.3282,0.3673,7.9645,0.0536
"Triad-E",20,"w93",-7.12,7.3565,11.6409,12.1788,6.2716,2.1842,1.0017,11.9957,0.0863
"Triad-E",25,"w93",-9.46,10.0965,15.2309,15.7122,8.3801,2.8585,1.4185,16.0552,0.1162
"Triad-E",30,"w93",-11.81,13.2371,18.6614,19.7972,10.7718,3.5436,2.228,20.2892,0.1393
"Triad-E",35,"w93",-11.49,16.8491,22.1655,23.8966,12.812,4.1667,2.6515,24.9907,0.1643
"Triad-E",40,"w93",-9.23,20.7065,25.8392,28.196,14.8093,4.81,3.1821,29.6331,0.1902
"Triad-E",45,"w93",-6.74,24.2441,29.7032,32.7084,16.4752,5.3827,3.4266,34.1644,0.2182
"Triad-E",50,"w93",-5.46,27.3692,33.8628,37.5061,18.121,5.8816,3.7163,38.2426,0.246
"Triad-E",55,"w93",-3.85,30.461,38.1061,42.433,19.5495,6.417,3.8965,42.2843,0.2748
"Triad-E",60,"w93",-2.78,33.0786,42.2559,47.3222,21.0809,6.9164,4.0056,45.8504,0.3022
"Triad-E",65,"w93",-4.15,35.7233,45.9935,52.0209,22.3456,7.5457,4.0583,49.4614,0.3281
"Triad-E",70,"w93",-1.35,37.9264,49.5385,56.2092,23.4466,8.1178,4.0728,53.3734,0.3558
"Triad-E",75,"w93",-0.719999999999999,39.9282,53.4399,60.238,24.3796,8.6657,4.0728,57.0775,0.3848
"Triad-E",80,"w93",0.269999999999996,41.7141,57.3785,64.1066,25.2602,9.158,4.1816,60.725,0.4164
"Triad-E",85,"w93",1.19,43.3244,61.4542,68.0378,26.2548,9.6896,4.7733,64.2941,0.4499
"Triad-E",90,"w93",-0.75,44.9071,65.2096,71.7232,27.2885,10.2163,5.1513,68.1485,0.4849
"Triad-E",95,"w93",1.5,46.5024,69.135,75.4073,28.4668,10.731,5.8886,72.145,0.5226
"Triad-E",100,"w93",3.19,48.1478,73.3239,79.2169,29.5843,11.1745,6.1866,76.2881,0.5619
"Triad-E",5,"w95",3.22,-0.159699999999999,0.2143,0.4975,-0.17,-0.2781,-1.1227,0.4641,0.0028
"Triad-E",10,"w95",6.76,4.0023,4.1849,5.5521,1.7752,0.1937,-0.9192,4.8235,0.0214
"Triad-E",15,"w95",10.32,8.1426,8.3551,10.9244,3.0679,0.6252,-0.9192,8.9726,0.0431
"Triad-E",20,"w95",13.3,11.1643,12.4965,16.3265,4.0874,1.068,-0.9192,12.6797,0.0665
"Triad-E",25,"w95",13.7,13.5141,16.4154,21.4696,4.8819,1.5333,-0.9192,16.3574,0.0901
"Triad-E",30,"w95",17.98,15.0502,20.6166,26.1581,5.494,1.9671,-0.9192,19.874,0.117
"Triad-E",35,"w95",20.29,16.1655,25.0902,30.5134,5.9975,2.5086,-0.9192,23.3083,0.1461
"Triad-E",40,"w95",22.1,16.9599,29.0872,34.4401,6.4946,3.001,-0.9077,27.0304,0.1771
"Triad-E",45,"w95",18.77,17.6724,32.7128,37.499,7.1786,3.5921,-0.5588,30.4917,0.2099
"Triad-E",50,"w95",17.04,18.5734,36.2538,40.4844,9.0078,4.2936,1.1368,34.5322,0.241
"Triad-E",55,"w95",13.3,20.2629,39.7503,43.8383,11.7281,4.8937,2.27,39.4297,0.2671
"Triad-E",60,"w95",15.64,23.046,43.5281,47.543,14.255,5.5057,2.6971,44.4777,0.2936
"Triad-E",65,"w95",17.2,26.6458,47.5197,51.4936,16.6525,6.2261,2.8282,49.454,0.3181
"Triad-E",70,"w95",18.3,30.3626,51.4899,55.7168,19.1477,6.9246,2.9356,54.3354,0.3402
"Triad-E",75,"w95",18.77,34.2685,55.4496,60.2317,21.6926,7.5794,3.0592,59.0362,0.36
"Triad-E",80,"w95",20.98,38.252,59.5315,64.9739,23.9228,8.2977,3.1515,63.4298,0.38
"Triad-E",85,"w95",19.92,42.3608,63.626,69.6488,25.9019,9.0681,3.2071,67.7719,0.4005
"Triad-E",90,"w95",22.36,46.3291,67.3402,74.2177,27.5636,9.7502,3.2311,72.2235,0.4231
"Triad-E",95,"w95",25.56,49.8627,71.1246,78.824,28.9004,10.2959,3.237,76.2479,0.4482
"Triad-E",100,"w95",28.49,53.0824,75.1622,83.7363,29.9292,10.7514,3.237,79.6792,0.4756
"Intensive",5,"w105",3.16,-0.0617999999999999,0.230899999999999,0.1936,-0.4754,0.0376,-0.4001,-0.0592000000000006,0.0017
"Intensive",10,"w105",3.8,1.6475,3.8084,3.784,0.509,0.4421,-0.236,3.6657,0.0285
"Intensive",15,"w105",6.66,2.8981,7.4364,7.2176,1.6585,0.8951,0.6259,7.0275,0.0566
"Intensive",20,"w105",7.08,3.8986,11.1728,10.5931,2.8972,1.385,1.3894,10.3872,0.0855
"Intensive",25,"w105",10.5,4.943,14.772,13.9176,4.1419,1.844,2.0404,13.9232,0.1148
"Intensive",30,"w105",9.61,6.1858,17.9991,16.6587,5.3369,2.3385,2.6343,17.2479,0.1447
"Intensive",35,"w105",11.21,7.507,21.1136,19.427,7.011,2.9148,4.2415,20.7061,0.1754
"Intensive",40,"w105",11.62,9.0076,24.2514,22.2381,8.9636,3.4583,5.64,24.6208,0.2073
"Intensive",45,"w105",14.1,10.7666,27.5542,25.4067,11.0054,3.933,6.8661,28.591,0.2405
"Intensive",50,"w105",16.64,12.8804,31.1341,28.9676,12.753,4.3782,7.636,32.7213,0.275
"Intensive",55,"w105",21.05,14.9154,34.7342,32.7555,14.1675,4.7403,7.9398,36.9134,0.3107
"Intensive",60,"w105",25.32,16.756,38.4814,36.6132,15.2018,5.0674,8.0076,40.7442,0.3476
"Intensive",65,"w105",29.94,18.1063,42.3658,40.5473,15.9542,5.365,8.0145,44.0714,0.3857
"Intensive",70,"w105",30.79,19.0395,46.4227,44.3724,16.5139,5.7213,8.0145,47.0982,0.425
"Intensive",75,"w105",29.31,19.6538,50.0194,47.6131,17.0646,6.143,8.1612,50.0899,0.4655
"Intensive",80,"w105",29.96,20.1653,53.448,50.4818,17.929,6.6423,9.0231,53.0727,0.5072
"Intensive",85,"w105",30.43,20.7747,56.6812,53.2502,19.0151,7.0871,9.7866,56.1974,0.5502
"Intensive",90,"w105",31.74,21.6699,60.0161,56.2277,20.1856,7.4493,10.4376,59.3042,0.5944
"Intensive",95,"w105",32.57,22.8724,63.5318,59.219,21.2381,7.7815,10.8479,62.3808,0.6398
"Intensive",100,"w105",26.67,24.1169,66.6641,61.9342,22.4762,8.27,11.6402,65.5129,0.686
"Intensive",5,"w106",3.58000000000001,-0.420999999999999,0.2332,0.1729,-0.3758,0.0109,-0.3228,-0.1135,0.000800000000000002
"Intensive",10,"w106",4.79,1.1669,4.0268,3.8913,0.6016,0.4289,-0.1519,3.4645,0.0237
"Intensive",15,"w106",7.91,2.3015,7.7707,7.4741,1.6779,0.8794,0.6336,6.8389,0.0472
"Intensive",20,"w106",8.91,3.2223,11.6113,10.8854,2.7556,1.3684,1.1897,10.2606,0.0712
"Intensive",25,"w106",8.21,4.1851,14.8797,13.731,3.8947,1.881,1.7565,13.6573,0.0952
"Intensive",30,"w106",10.01,5.349,18.0296,16.3582,5.4364,2.4664,3.2928,17.0443,0.1193
"Intensive",35,"w106",12.13,6.675,21.2255,19.2511,7.2618,2.9828,4.6055,20.8598,0.1436
"Intensive",40,"w106",11.36,8.3473,24.3414,22.1369,9.1203,3.465,5.5523,24.7556,0.1688
"Intensive",45,"w106",14.33,10.3411,27.7067,25.3972,11.0162,3.9726,6.8965,28.6931,0.1956
"Intensive",50,"w106",16.76,12.3395,31.2761,28.9601,12.7828,4.4262,7.6988,32.9487,0.2241
"Intensive",55,"w106",21.32,14.3077,34.8968,32.752,14.2373,4.7763,8.0124,37.0772,0.2542
"Intensive",60,"w106",25.97,16.0886,38.7578,36.6883,15.2516,5.0932,8.1,40.7561,0.286
"Intensive",65,"w106",28.37,17.426,42.7513,40.6194,15.9989,5.4561,8.1189,44.1469,0.3194
"Intensive",70,"w106",30.93,18.3853,46.5937,44.3453,16.5866,5.8046,8.1217,47.4446,0.3544
"Intensive",75,"w106",31.44,19.0198,50.1881,47.527,17.144,6.1943,8.2591,50.3754,0.3911
"Intensive",80,"w106",31.91,19.5485,53.745,50.5759,17.9642,6.67,9.0446,53.2014,0.4294
"Intensive",85,"w106",32.49,20.1433,57.1649,53.5839,18.9157,7.0652,9.6007,56.3196,0.4694
"Intensive",90,"w106",29.05,20.9663,60.2825,56.1524,19.9903,7.5043,10.1675,59.3216,0.511
"Intensive",95,"w106",31.79,22.0904,63.6342,58.9711,21.4258,7.9859,11.5808,62.4814,0.5542
"Intensive",100,"w106",28.23,23.3573,66.8538,61.827,22.9533,8.4251,12.3476,66.0154,0.599
"Intensive",5,"w112",2.21,0.2503,0.2838,0.3986,-0.5504,-0.0367999999999999,-0.613,-0.2434,0.0016
"Intensive",10,"w112",1.8,2.2865,3.5682,3.7994,0.511,0.3673,-0.3974,3.2119,0.0291
"Intensive",15,"w112",2.92,3.7728,6.804,7.0428,1.9423,0.8817,0.8724,6.6062,0.0581
"Intensive",20,"w112",5,5.0263,10.2127,10.4001,3.509,1.3421,1.9036,10.166,0.0873
"Intensive",25,"w112",7.81,6.2837,13.6328,13.7179,4.8726,1.732,2.3521,13.4323,0.1167
"Intensive",30,"w112",9.02,7.7884,16.893,16.7724,6.1242,2.2459,3.0966,16.6701,0.1468
"Intensive",35,"w112",9.16,9.2171,19.6956,19.4448,7.6858,2.7916,4.3514,20.2277,0.1776
"Intensive",40,"w112",12.6,10.7041,22.6924,22.3845,9.576,3.2762,5.8152,23.9466,0.2093
"Intensive",45,"w112",16.72,12.3664,25.9925,25.829,11.1893,3.5925,6.3534,27.5355,0.2418
"Intensive",50,"w112",19.39,14.1556,29.5905,29.5767,12.3389,3.91,6.4639,30.959,0.2752
"Intensive",55,"w112",23.37,15.7786,33.133,33.1667,13.1272,4.2253,6.4639,34.4386,0.3094
"Intensive",60,"w112",24.11,16.9072,36.3852,36.4007,13.8527,4.5765,6.6049,37.5469,0.3444
"Intensive",65,"w112",27,17.7159,39.8208,39.6912,14.7582,4.9791,7.3718,40.2841,0.3803
"Intensive",70,"w112",27.47,18.3694,43.3517,43.0289,15.6101,5.3265,7.7008,43.1163,0.417
"Intensive",75,"w112",22.52,19.1314,46.4487,45.7739,16.4471,5.7656,7.9971,45.9757,0.4545
"Intensive",80,"w112",23.9,20.0688,49.2468,48.2976,17.6569,6.2844,9.2669,49.0593,0.4929
"Intensive",85,"w112",26.35,21.0786,52.213,51.0751,19.1183,6.6863,10.2981,52.332,0.5321
"Intensive",90,"w112",26.77,22.3738,55.2953,54.1171,20.4662,6.9968,10.7466,55.415,0.5722
"Intensive",95,"w112",29.59,23.8955,58.7796,57.4233,21.6365,7.3172,11.3382,58.4448,0.6131
"Intensive",100,"w112",27.69,25.2945,62.1581,60.3661,22.7074,7.7214,11.7255,61.6562,0.6543
"Intensive",5,"w4",-3.27999999999999,-0.3134,-0.326099999999999,-0.7176,0.1759,0.1129,0.0982999999999998,-0.5306,0.0021
"Intensive",10,"w4",-2.38,0.6178,3.2503,2.0978,2.1095,0.8974,2.4935,3.0517,0.0361
"Intensive",15,"w4",-3.29,1.981,6.2735,4.5324,4.2109,1.4806,3.7451,7.268,0.0715
"Intensive",20,"w4",0.880000000000003,3.9447,9.5101,7.5599,6.5465,1.9951,5.3585,11.52,0.1077
"Intensive",25,"w4",4.06,6.4568,13.0794,11.1626,8.401,2.3936,5.9989,16.0292,0.1453
"Intensive",30,"w4",7.3,8.7199,16.7852,15.0113,9.9988,2.7558,6.3473,20.2989,0.1845
"Intensive",35,"w4",11.5,10.8657,20.7994,19.0557,11.3042,3.1805,6.8764,24.3513,0.2253
"Intensive",40,"w4",16.13,12.3313,24.9093,23.1688,12.3975,3.5326,7.0938,28.1856,0.2669
"Intensive",45,"w4",14.43,13.5665,29.0755,26.9368,13.2717,4.0217,7.2511,31.6645,0.3093
"Intensive",50,"w4",18.33,14.5313,32.8015,30.458,14.1861,4.4783,7.8305,35.3662,0.3526
"Intensive",55,"w4",20.07,15.3793,36.6042,33.7303,15.0284,4.8997,8.0791,38.8624,0.3967
"Intensive",60,"w4",24.26,16.232,40.2095,37.1529,15.7422,5.1997,8.1401,42.0506,0.4416
"Intensive",65,"w4",25.15,17.0783,44.1266,40.6453,16.2619,5.4757,8.1401,44.921,0.4873
"Intensive",70,"w4",17.02,17.7626,47.4144,43.215,17.0002,5.9966,8.5693,47.649,0.5339
"Intensive",75,"w4",17.88,18.4997,50.7826,45.9165,18.6997,6.6632,10.9035,50.922,0.5813
"Intensive",80,"w4",14.75,19.5237,53.9094,48.3409,20.6905,7.231,12.1551,54.8088,0.6295
"Intensive",85,"w4",17.29,21.2382,57.2541,51.366,22.9257,7.7679,13.7685,58.7976,0.6785
"Intensive",90,"w4",19.55,23.5727,60.7618,54.8389,24.7172,8.18,14.4089,63.3068,0.7284
"Intensive",95,"w4",24.51,25.7766,64.5097,58.6203,26.2273,8.4915,14.6686,67.5637,0.7784
"Intensive",100,"w4",28.61,27.8665,68.573,62.638,27.2547,8.7889,14.7156,71.3724,0.8284
"Intensive",5,"w6",-5.96,-0.3339,-0.5247,-1.2682,0.2346,0.2326,0.5788,-0.873699999999999,0.0019
"Intensive",10,"w6",-5.18,0.3403,2.7349,1.1626,2.3302,1.1101,3.7269,2.5224,0.0295
"Intensive",15,"w6",-2.68,1.497,5.7886,3.8086,4.6394,1.6444,5.0775,7.122,0.0574
"Intensive",20,"w6",2.02,3.4971,9.0027,6.9844,6.5342,1.9494,5.4461,11.2442,0.0857
"Intensive",25,"w6",6.77,6.055,12.5872,10.7597,7.7428,2.2599,5.6494,15.1427,0.1157
"Intensive",30,"w6",5.45,7.9568,15.9983,14.1357,8.957,2.7081,6.019,19.0082,0.1474
"Intensive",35,"w6",9.41,9.5138,19.6543,17.6534,10.6079,3.251,7.5762,22.7429,0.1808
"Intensive",40,"w6",13.57,10.7294,23.6191,21.4263,12.1263,3.6445,8.2351,26.44,0.2156
"Intensive",45,"w6",12.65,12.1135,27.7215,25.2167,13.2857,4.1129,8.3967,30.1109,0.2517
"Intensive",50,"w6",17.41,13.611,31.1818,28.7553,14.0591,4.4879,8.3967,34.1725,0.2891
"Intensive",55,"w6",22.37,14.7297,34.7389,32.0864,14.7065,4.7889,8.3967,37.6004,0.3278
"Intensive",60,"w6",26.35,15.5874,38.4922,35.7036,15.2332,5.0466,8.3967,40.3065,0.3679
"Intensive",65,"w6",26.64,16.1237,42.5922,39.447,15.653,5.2977,8.3967,42.7744,0.4093
"Intensive",70,"w6",12.4,16.5612,45.7999,41.6416,16.3833,5.9615,8.9755,45.3423,0.452
"Intensive",75,"w6",14.65,17.1625,48.6716,43.8122,18.4663,6.7935,12.1236,48.8947,0.4961
"Intensive",80,"w6",16.68,18.3105,51.7048,46.3194,20.7626,7.2807,13.4742,53.2287,0.5415
"Intensive",85,"w6",20.83,20.3106,54.9681,49.6258,22.6479,7.5536,13.8428,57.0755,0.5882
"Intensive",90,"w6",23.38,22.8685,58.7008,53.5006,23.849,7.8601,14.0461,60.9387,0.6362
"Intensive",95,"w6",28.33,24.7703,62.6986,57.3127,24.8781,8.1467,14.1333,64.7634,0.6842
"Intensive",100,"w6",32.85,26.2191,66.9146,61.0092,25.6662,8.4198,14.1547,68.0667,0.7322
"Intensive",5,"w73",1.12,0.6899,0.268,0.428,-0.5286,-0.0755,-0.9946,0.241000000000001,0.0012
"Intensive",10,"w73",3.17,3.0111,3.1262,3.7843,1.1272,0.2755,-0.3842,4.026,0.0177
"Intensive",15,"w73",6.59,5.1736,6.2967,7.4276,2.5721,0.6325,0.3067,7.6675,0.0355
"Intensive",20,"w73",10.98,6.7184,9.7556,11.2886,3.7602,0.912,0.5726,10.9333,0.0545
"Intensive",25,"w73",13,8.044,13.4106,15.0682,4.5792,1.2922,0.6278,13.9679,0.075
"Intensive",30,"w73",14.16,9.0138,16.3756,17.9781,5.3128,1.7173,0.9033,16.6744,0.097
"Intensive",35,"w73",17.83,9.819,19.3204,20.7299,6.5763,2.2818,2.4018,19.6239,0.1205
"Intensive",40,"w73",21.43,10.6751,22.1076,23.5676,7.8831,2.6352,3.0447,22.8844,0.1455
"Intensive",45,"w73",24.16,11.8047,25.0283,26.5023,8.9757,2.9218,3.2829,25.6861,0.1719
"Intensive",50,"w73",17.87,13.1755,27.7438,29.0222,10.0568,3.419,4.0262,28.5139,0.1998
"Intensive",55,"w73",16.06,14.3904,30.2927,31.5206,11.8387,4.0052,5.946,31.8758,0.229
"Intensive",60,"w73",18.96,15.7979,33.0629,34.3804,13.7493,4.4082,7.0965,35.4636,0.2595
"Intensive",65,"w73",23,17.4923,36.1803,37.8232,15.2599,4.6561,7.4394,38.7009,0.2911
"Intensive",70,"w73",22.22,19.3868,39.4578,41.3213,16.2665,5.0131,7.5519,41.9335,0.3239
"Intensive",75,"w73",24.13,20.8845,42.331,44.5162,17.2818,5.406,8.0356,45.3576,0.3579
"Intensive",80,"w73",27.84,22.0429,45.3947,47.6866,18.3863,5.7627,8.7265,48.4285,0.393
"Intensive",85,"w73",30.88,22.9666,48.7011,51.1224,19.3226,6.0408,8.9924,51.0765,0.4288
"Intensive",90,"w73",29.79,23.8957,52.147,54.5625,19.9904,6.3654,9.0476,53.7264,0.4653
"Intensive",95,"w73",25.58,24.7424,54.8137,57.1177,20.6663,6.8069,9.3207,56.5662,0.502
"Intensive",100,"w73",28.65,25.5012,57.4767,59.6233,21.9114,7.2937,10.8059,59.4035,0.5387
"Intensive",5,"w75",-0.440000000000005,0.3238,-0.0223999999999993,-0.0622999999999996,-0.0291000000000001,-0.1482,-0.8059,-0.2909,0.0014
"Intensive",10,"w75",-1.79,2.1203,3.1262,2.8286,1.7521,0.4161,0.4676,3.3645,0.0196
"Intensive",15,"w75",1.01,4.0612,6.2769,6.0117,3.6688,0.9288,1.8132,7.6447,0.038
"Intensive",20,"w75",4.79,6.0081,9.6593,9.5383,5.376,1.2668,2.3124,11.7934,0.0564
"Intensive",25,"w75",5.98,7.9678,13.2353,13.2048,6.6688,1.6197,2.5557,15.3834,0.0751
"Intensive",30,"w75",9.25,9.6303,17.0368,16.9762,7.9052,2.0982,3.3522,18.9821,0.0945
"Intensive",35,"w75",12.55,10.9562,20.6316,20.4976,9.0654,2.5415,3.7483,22.7631,0.1158
"Intensive",40,"w75",17.34,12.1267,24.1498,23.983,10.1204,2.8975,4.1277,26.2405,0.139
"Intensive",45,"w75",19.82,13.2342,27.8679,27.5108,10.891,3.2449,4.2545,29.3634,0.1641
"Intensive",50,"w75",22.83,14.1501,31.4948,31.0352,11.5248,3.5732,4.2856,32.4386,0.1911
"Intensive",55,"w75",26.83,14.9537,35.078,34.1898,12.0581,3.8783,4.3352,35.3469,0.22
"Intensive",60,"w75",27.52,15.5487,38.5289,37.0311,12.7308,4.2521,4.7596,37.8862,0.2508
"Intensive",65,"w75",25.46,16.1508,41.8352,39.7829,13.8207,4.7733,5.8665,40.5893,0.2835
"Intensive",70,"w75",21.64,16.939,44.8276,42.2661,15.3824,5.3297,7.2535,43.8444,0.3181
"Intensive",75,"w75",19.07,18.1939,47.7079,44.667,17.3406,5.9165,8.8512,47.4473,0.3546
"Intensive",80,"w75",22.5,19.9812,50.7513,47.6319,19.4302,6.3986,10.2826,51.4481,0.393
"Intensive",85,"w75",25.82,22.1089,54.1148,51.1373,21.1808,6.7228,10.7818,55.5426,0.4333
"Intensive",90,"w75",27.08,24.2868,57.534,54.7286,22.5429,7.0705,11.0251,59.3173,0.4755
"Intensive",95,"w75",30.5,26.1415,61.2374,58.5361,23.8495,7.4952,11.8216,62.9831,0.5193
"Intensive",100,"w75",33.04,27.5415,65.0894,62.3204,25.0099,7.8802,12.1633,66.6488,0.5644
"Intensive",5,"w85",-4.26000000000001,-0.0470999999999999,-0.2368,-0.6233,0.1924,0.0977,-0.2215,-0.1513,0
"Intensive",10,"w85",-1.88,1.2028,2.7958,2.0616,2.1946,0.7238,1.8613,3.6069,0.0268
"Intensive",15,"w85",1.01,2.8291,6.075,5.106,4.0658,1.1447,2.7673,7.7272,0.0536
"Intensive",20,"w85",4.98999999999999,4.7282,9.5761,8.6814,5.578,1.4516,3.0012,11.545,0.0804
"Intensive",25,"w85",8.79,6.792,13.1913,12.3497,6.5819,1.771,3.0878,15.1408,0.1074
"Intensive",30,"w85",7.3,8.2577,16.6791,15.6838,7.6965,2.2199,3.7057,18.5816,0.1359
"Intensive",35,"w85",10.34,9.4726,20.3432,19.0587,9.0986,2.749,4.8892,22.0958,0.1658
"Intensive",40,"w85",14.66,10.5283,23.9875,22.5373,10.3875,3.1181,5.3627,25.6981,0.1971
"Intensive",45,"w85",14.24,11.7896,27.696,25.8888,11.3711,3.539,5.5183,29.0993,0.2298
"Intensive",50,"w85",18.99,13.0687,31.0513,29.2177,12.1973,3.9072,5.7943,32.6655,0.2639
"Intensive",55,"w85",22.36,14.1042,34.507,32.3963,12.9679,4.2255,5.957,35.8946,0.2995
"Intensive",60,"w85",26.87,14.9817,38.2188,35.7258,13.7055,4.5068,6.2272,38.6152,0.3365
"Intensive",65,"w85",22.54,15.7171,41.9268,38.9675,14.3986,4.8715,6.4739,41.2655,0.3749
"Intensive",70,"w85",13.36,16.4315,45.0124,41.3018,15.5703,5.5235,7.6395,44.2315,0.4147
"Intensive",75,"w85",15.64,17.379,47.9347,43.688,17.5709,6.2028,9.9492,47.9752,0.4559
"Intensive",80,"w85",18.91,18.7735,51.0486,46.5136,19.5928,6.6114,10.9372,52.0295,0.4986
"Intensive",85,"w85",22.85,20.7884,54.4831,50.0152,21.1291,6.8863,11.1711,55.7536,0.5427
"Intensive",90,"w85",23.96,22.9287,58.0654,53.6835,22.1667,7.2057,11.2577,59.4325,0.5882
"Intensive",95,"w85",27.97,24.5381,61.8794,57.2739,23.1983,7.5632,11.6923,62.9903,0.6348
"Intensive",100,"w85",32.17,25.7238,65.8416,60.8144,24.0745,7.8654,11.8788,66.2319,0.6814
"Intensive",5,"w94",0.93,0.0918999999999999,-0.1062,-0.0706000000000007,-0.1179,-0.0483,-0.6191,0.125,0.0023
"Intensive",10,"w94",2.99,1.4974,2.9828,3.033,1.0997,0.3414,-0.0488,3.5294,0.0292
"Intensive",15,"w94",4.54,2.9038,6.1974,6.0774,2.2434,0.7164,0.5261,6.8394,0.0577
"Intensive",20,"w94",4.41,4.1628,9.4442,9.0584,3.4407,1.1179,1.1534,9.9785,0.0877
"Intensive",25,"w94",4.52,5.4035,12.5991,11.8517,4.792,1.5801,2.1404,13.0477,0.119
"Intensive",30,"w94",6.68,6.6507,15.782,14.7058,6.3546,2.0755,3.3431,16.3537,0.151
"Intensive",35,"w94",8.91,8.0814,18.8842,17.512,7.9443,2.541,4.2389,19.8212,0.1836
"Intensive",40,"w94",13.16,9.7121,21.9858,20.583,9.4784,2.9347,5.0782,23.4696,0.2171
"Intensive",45,"w94",13.81,11.3933,25.1936,23.8192,10.7721,3.3096,5.4694,27.0262,0.2513
"Intensive",50,"w94",14.3,12.9473,28.3419,26.9743,12.0929,3.7642,6.2152,30.437,0.2863
"Intensive",55,"w94",17.43,14.3744,31.6189,30.2413,13.5419,4.2277,7.2916,33.959,0.3221
"Intensive",60,"w94",20.33,15.6801,35.0106,33.6702,14.8382,4.5847,7.7119,37.4446,0.3586
"Intensive",65,"w94",22.92,17.0583,38.4693,37.2112,15.7898,4.8993,7.8014,40.7097,0.3957
"Intensive",70,"w94",24.37,18.2914,41.7942,40.5466,16.4935,5.2359,7.8784,43.8176,0.4335
"Intensive",75,"w94",25.49,19.23,45.0582,43.6859,17.2981,5.6283,8.3592,46.7554,0.4719
"Intensive",80,"w94",26.4,19.9977,48.2826,46.7601,18.2209,5.9944,8.9341,49.5938,0.511
"Intensive",85,"w94",24.3,20.752,51.5227,49.6796,19.2424,6.4012,9.5614,52.3188,0.5507
"Intensive",90,"w94",21.12,21.697,54.542,52.3767,20.4817,6.9102,10.5484,55.3188,0.5911
"Intensive",95,"w94",22.24,22.8348,57.4522,55.0894,21.9951,7.3796,11.7315,58.7389,0.6322
"Intensive",100,"w94",25.96,24.2259,60.6037,58.0338,23.4551,7.7159,12.4113,62.132,0.6735
"Intensive",5,"w96",2.65,0.5905,0.3476,0.7012,-0.4887,-0.1903,-1.2701,0.255199999999999,0.002
"Intensive",10,"w96",5.18,3.2228,3.6877,4.6043,1.0583,0.0926,-1.1281,4.3463,0.0276
"Intensive",15,"w96",7.77,5.4884,7.1715,8.5554,2.1241,0.3925,-1.062,7.9991,0.0548
"Intensive",20,"w96",10.45,6.9585,10.8917,12.5249,3.0803,0.7433,-0.7026,11.2575,0.0836
"Intensive",25,"w96",11.45,7.943,14.5938,16.1194,3.8955,1.1632,-0.4586,14.2053,0.1129
"Intensive",30,"w96",10.73,8.657,17.7535,18.8394,4.9215,1.7104,0.3783,16.7924,0.143
"Intensive",35,"w96",10.26,9.5115,20.5844,21.1034,6.6682,2.439,2.4641,19.8497,0.1735
"Intensive",40,"w96",12.42,10.7335,23.1582,23.4904,8.9167,3.016,4.3129,23.7783,0.2045
"Intensive",45,"w96",12.87,12.6364,25.8182,26.1206,11.1027,3.4726,5.4131,27.601,0.2363
"Intensive",50,"w96",17.03,15.0512,28.8035,29.3746,13.1651,3.918,6.7045,31.6087,0.2689
"Intensive",55,"w96",20.78,17.4318,32.0511,33.0389,14.8697,4.2667,7.1896,35.8109,0.3022
"Intensive",60,"w96",25.98,19.5394,35.4959,36.9836,16.1642,4.5351,7.3011,39.5835,0.3363
"Intensive",65,"w96",29.85,21.2252,39.2518,41.0164,16.9928,4.829,7.3011,42.8317,0.3712
"Intensive",70,"w96",31.21,22.296,43.0277,44.8665,17.6021,5.1955,7.3011,45.8908,0.4068
"Intensive",75,"w96",33.11,23.0071,46.4978,48.3182,18.0778,5.5526,7.3011,48.9154,0.4432
"Intensive",80,"w96",35.44,23.4445,49.7091,51.3263,18.5046,5.8824,7.3672,51.5499,0.4804
"Intensive",85,"w96",36.53,23.828,52.962,54.2952,19.0214,6.2343,7.7266,53.9164,0.5183
"Intensive",90,"w96",35.53,24.2339,56.0051,57.1013,19.6087,6.5432,7.9706,56.3572,0.557
"Intensive",95,"w96",37.91,24.7715,59.3588,59.7588,20.344,6.8327,8.4971,58.6644,0.5964
"Intensive",100,"w96",26.33,25.456,61.8919,61.7408,21.3468,7.343,9.2047,61.0399,0.6361
"Intensive",5,"w98",2.83,-0.135,0.236000000000001,0.2393,-0.2496,-0.0697,-0.7837,0.1797,0.0016
"Intensive",10,"w98",3.45,1.5359,3.617,3.6702,0.99,0.3237,-0.5235,3.6691,0.0285
"Intensive",15,"w98",6.29,3.0865,6.9884,7.1533,2.1578,0.7445,0.2258,7.178,0.0564
"Intensive",20,"w98",7.55,4.2967,10.4482,10.5385,3.2337,1.1358,0.5807,10.6123,0.0853
"Intensive",25,"w98",7.94,5.4243,13.6648,13.606,4.2826,1.5592,1.0273,13.6679,0.1144
"Intensive",30,"w98",9.72,6.5127,16.8967,16.5998,5.5567,2.0487,2.1928,16.7271,0.1437
"Intensive",35,"w98",8.66999999999999,7.6093,19.9926,19.3766,7.0543,2.5868,3.2118,20.1583,0.1732
"Intensive",40,"w98",10.32,8.9753,22.8117,21.9834,8.8041,3.0988,4.4882,23.5666,0.2031
"Intensive",45,"w98",12.4,10.6468,25.819,24.8932,10.7237,3.6071,5.951,27.2324,0.2339
"Intensive",50,"w98",13.44,12.5092,28.9623,28.0614,12.5966,4.0688,6.895,31.1961,0.2656
"Intensive",55,"w98",18.02,14.5513,32.1859,31.5653,14.2235,4.4351,7.5266,35.1795,0.2982
"Intensive",60,"w98",22.22,16.4664,35.6909,35.31,15.4343,4.7399,7.7238,38.8524,0.3317
"Intensive",65,"w98",25.16,18.0355,39.3582,39.1723,16.3237,5.06,7.7629,42.1999,0.3662
"Intensive",70,"w98",27.82,19.1978,43.0098,42.9259,16.9666,5.3686,7.7629,45.3536,0.4016
"Intensive",75,"w98",26.8,19.9471,46.4652,46.1476,17.5502,5.7607,7.9007,48.1645,0.4379
"Intensive",80,"w98",28.28,20.5207,49.8307,49.2507,18.3577,6.2085,8.65,50.9633,0.4751
"Intensive",85,"w98",28.97,21.0873,53.0556,52.211,19.1902,6.563,9.0049,53.901,0.5132
"Intensive",90,"w98",27.23,21.8321,56.0332,54.8368,20.0916,6.9584,9.4515,56.615,0.5523
"Intensive",95,"w98",27.25,22.795,59.0057,57.5351,21.2978,7.4177,10.617,59.4847,0.5923
"Intensive",100,"w98",24.39,23.8476,61.9567,60.1966,22.7713,7.8614,11.6296,62.6581,0.633
"Extensive",5,"w108",3.51000000000001,-0.4986,0.00380000000000003,-0.0213999999999999,-0.2388,-0.0469000000000002,-0.0678,-0.184900000000001,0.0018
"Extensive",10,"w108",2.16,3.3825,4.4607,5.0887,1.6259,0.6533,-0.0354,4.2153,0.0277
"Extensive",15,"w108",6.21,7.2451,9.0209,10.3999,3.1426,1.2458,-0.003,8.5426,0.0575
"Extensive",20,"w108",9.07,10.7204,13.5566,15.7759,4.3743,1.8556,0.00800000000000001,12.4666,0.0894
"Extensive",25,"w108",0.390000000000001,14.1191,17.2459,21.1234,6.1486,2.4692,0.0991,16.8455,0.1055
"Extensive",30,"w108",4.61,17.3423,21.0786,26.0242,7.616,3.0855,0.1902,21.6901,0.1252
"Extensive",35,"w108",6.19,20.4956,25.5159,30.8128,9.2355,3.7822,0.263,26.326,0.145
"Extensive",40,"w108",10.12,23.4239,30.3706,35.7049,10.7374,4.5049,0.313,30.436,0.1675
"Extensive",45,"w108",11.95,26.2163,34.9677,40.512,12.1081,5.1692,0.3353,34.4231,0.1917
"Extensive",50,"w108",11.76,28.8104,39.023,45.2546,13.657,5.8518,0.3837,38.6651,0.214
"Extensive",55,"w108",0.780000000000001,31.8519,42.6289,49.9816,16.036,6.4419,0.562,43.495,0.2279
"Extensive",60,"w108",3.09,35.6298,46.5845,54.5886,18.1515,7.1789,0.7214,48.6712,0.2439
"Extensive",65,"w108",6.51000000000001,39.3965,51.012,59.0387,20.062,8.0607,0.7777,53.6587,0.2628
"Extensive",70,"w108",9.28,42.9517,55.6577,63.5862,21.7626,8.8905,0.7815,58.192,0.2841
"Extensive",75,"w108",8.5,46.5657,60.007,68.4402,23.9073,9.4855,0.8637,62.8868,0.3029
"Extensive",80,"w108",6.7,50.3323,64.2542,73.7472,26.3055,10.1054,1.0321,67.3705,0.3182
"Extensive",85,"w108",1.77,54.8584,68.1482,79.0895,28.7908,10.8785,1.2046,72.1453,0.3293
"Extensive",90,"w108",4.24,59.5528,72.0372,83.9578,30.9827,11.7917,1.2922,77.084,0.343
"Extensive",95,"w108",5.88,63.7816,76.1616,88.7337,32.9335,12.6426,1.312,81.8184,0.3587
"Extensive",100,"w108",8.41,67.5991,80.7025,93.7851,34.5425,13.3477,1.312,86.2472,0.3779
"Extensive",5,"w109",4.25,-0.586399999999999,0.1416,-0.0830000000000002,-0.2301,-0.0635000000000001,-0.0424,-0.731499999999999,0.00260000000000001
"Extensive",10,"w109",4.11,3.1803,4.0666,5.4683,1.3675,0.6458,-0.0177,3.3929,0.0217
"Extensive",15,"w109",7.14,6.4722,8.1116,10.7038,2.7243,1.2358,0.0182,7.7108,0.0423
"Extensive",20,"w109",8.99,9.8768,12.3663,15.8358,3.9825,1.8345,0.0538,12.0566,0.0629
"Extensive",25,"w109",12.82,12.5968,16.8873,20.9081,5.0716,2.434,0.0733,16.0816,0.087
"Extensive",30,"w109",11.81,15.0011,21.141,25.8078,6.0119,3.0613,0.0784,20.2024,0.1114
"Extensive",35,"w109",16.15,17.0663,25.4778,30.3131,6.8383,3.6328,0.0784,24.7164,0.1401
"Extensive",40,"w109",7.99,19.1939,29.807,35.0136,8.8798,4.1205,0.2408,29.0573,0.1599
"Extensive",45,"w109",9.37,21.8945,34.1855,39.8327,10.6297,4.7924,0.4032,33.529,0.181
"Extensive",50,"w109",8.54,24.9158,38.3505,44.1547,12.6539,5.6493,0.5059,38.2877,0.2003
"Extensive",55,"w109",9.83,28.0692,42.4855,48.2745,14.6251,6.548,0.568,43.0486,0.2201
"Extensive",60,"w109",2.58,31.7082,46.4448,52.6996,17.6027,7.2157,0.7471,48.1077,0.2317
"Extensive",65,"w109",5.72,35.9428,50.6527,57.498,20.0562,8.0428,0.9004,53.1666,0.2459
"Extensive",70,"w109",8.39,40.5561,55.0321,62.2251,22.1939,8.9093,0.9507,58.1622,0.2626
"Extensive",75,"w109",7.23,45.3119,59.1111,67.1371,24.6526,9.7409,1.0248,62.992,0.2761
"Extensive",80,"w109",7.92,49.9197,63.0462,72.3447,27.0569,10.3769,1.1415,68.0347,0.2893
"Extensive",85,"w109",7.71,54.619,67.3256,77.855,29.3249,11.127,1.2565,72.756,0.3019
"Extensive",90,"w109",10.72,59.479,71.7157,83.3179,31.2521,11.9084,1.3182,77.4279,0.3173
"Extensive",95,"w109",13.6,63.7436,76.2908,88.7094,32.9224,12.6268,1.3342,81.3467,0.3361
"Extensive",100,"w109",12.27,67.4284,80.2949,94.2159,34.3246,13.3365,1.3342,85.4457,0.3544
"Extensive",5,"w110",3.94,-0.7645,0.0642999999999994,0.2369,-0.1246,-0.0848,-0.0144,-0.5829,-0.0013
"Extensive",10,"w110",5.95,3.5625,4.2818,5.8853,1.5964,0.5611,0.019,3.5539,0.0148
"Extensive",15,"w110",10.22,7.6542,8.3902,11.3774,2.975,1.1949,0.0342,7.9166,0.0345
"Extensive",20,"w110",12.8,11.0754,12.5981,16.7414,4.0927,1.7912,0.0362,12.002,0.0565
"Extensive",25,"w110",13.77,14.1078,16.7854,21.9982,5.0355,2.3615,0.0392,16.1966,0.0797
"Extensive",30,"w110",18.06,16.5131,21.1345,26.9325,5.857,2.8948,0.046,20.592,0.1065
"Extensive",35,"w110",21.12,18.3897,25.9706,31.809,6.6059,3.4162,0.0587,24.4693,0.1357
"Extensive",40,"w110",15.25,20.3978,30.4036,36.7552,8.1363,3.9545,0.1703,28.4959,0.1588
"Extensive",45,"w110",17.09,22.4195,34.6351,41.3318,9.5667,4.596,0.2843,32.7443,0.1835
"Extensive",50,"w110",13.22,24.7956,38.6475,45.5858,11.3858,5.3739,0.3871,37.3058,0.2043
"Extensive",55,"w110",8.72,27.6744,42.5147,49.7095,13.8448,6.1659,0.5472,42.3352,0.2201
"Extensive",60,"w110",12.09,31.0661,46.8118,53.8195,16.0283,6.9396,0.6651,47.4065,0.2391
"Extensive",65,"w110",13.09,34.8,51.2533,58.1884,18.2265,7.8185,0.7324,52.3546,0.2574
"Extensive",70,"w110",12.37,38.8613,55.4263,62.7923,20.7437,8.5751,0.8425,57.3911,0.2728
"Extensive",75,"w110",12.93,43.4489,59.5548,67.6753,23.2427,9.273,0.9774,62.4877,0.2877
"Extensive",80,"w110",9.6,48.3547,63.5071,72.9294,26.196,10.0674,1.1584,67.6534,0.2968
"Extensive",85,"w110",11.62,53.5833,67.7071,78.2296,28.7299,10.9287,1.2905,72.5661,0.3076
"Extensive",90,"w110",14.3,58.8902,72.019,83.4617,30.9528,11.8072,1.3352,77.3267,0.3211
"Extensive",95,"w110",16.95,63.3566,76.4432,88.8695,32.8204,12.6051,1.338,81.5023,0.3376
"Extensive",100,"w110",16.88,67.5281,80.7094,94.4771,34.3173,13.2299,1.338,85.5756,0.3554
"Extensive",5,"w121",4.96,-0.595,-0.2213,-1.2715,-0.1135,-0.1029,0,1.3007,0.0044
"Extensive",10,"w121",8.44,0.8976,3.8799,2.6873,0.5319,0.4257,0,5.8513,0.0313
"Extensive",15,"w121",13.19,2.0736,8.8027,6.8691,1.1447,0.9362,0,10.1749,0.0627
"Extensive",20,"w121",14.95,3.1623,13.5599,10.9422,1.7368,1.4686,0,14.6465,0.0965
"Extensive",25,"w121",19.54,4.1158,18.4023,14.806,2.3063,1.9842,0,19.2203,0.1349
"Extensive",30,"w121",24.13,5.0345,23.4909,18.5836,2.8663,2.4846,0,23.7707,0.178
"Extensive",35,"w121",-11.32,6.9767,27.4799,23.1736,6.7036,2.9229,0.4045,28.6283,0.1894
"Extensive",40,"w121",-12,10.8604,31.1957,27.8552,10.4656,3.7644,0.8708,34.1394,0.1967
"Extensive",45,"w121",-9.44,16.1726,35.2538,31.7247,13.9682,5.1616,1.0697,39.8168,0.2046
"Extensive",50,"w121",-13.31,21.893,39.1386,35.5821,17.9774,6.6147,1.1776,45.0941,0.2064
"Extensive",55,"w121",-11.88,28.0104,43.0953,40.0422,21.5135,7.494,1.2669,50.4033,0.2109
"Extensive",60,"w121",-9.22,34.3877,47.1681,45.47,24.2713,8.3813,1.2988,55.6335,0.2187
"Extensive",65,"w121",-6.5,40.7719,51.2433,51.3375,26.3723,9.0933,1.2996,60.7248,0.2299
"Extensive",70,"w121",-4.39,47.2149,55.249,57.4135,28.1873,9.6333,1.3213,65.6048,0.2432
"Extensive",75,"w121",-1.56,52.3156,59.2141,63.7355,29.6718,10.1891,1.3557,70.4793,0.2591
"Extensive",80,"w121",1.66,56.2269,64.0858,70.0861,30.6814,10.7458,1.3757,74.2952,0.2787
"Extensive",85,"w121",5.15,60.009,69.1054,76.2167,31.561,11.3169,1.38,77.8686,0.3019
"Extensive",90,"w121",8.64,62.1031,74.125,82.0739,32.3708,11.8527,1.38,80.2579,0.3289
"Extensive",95,"w121",0.939999999999998,63.7462,77.8332,87.688,33.0671,12.5187,1.38,82.988,0.3497
"Extensive",100,"w121",2.28,65.2388,80.9059,91.9622,33.7125,13.1159,1.38,87.5386,0.3734
"Extensive",5,"w71",2.36,-0.2782,0.0631000000000004,0.210000000000001,-0.2723,0.00480000000000014,-0.069,-0.568800000000001,0.000400000000000001
"Extensive",10,"w71",3.01,4.5167,3.9791,5.4239,1.8071,0.7016,-0.0538,4.0537,0.0134
"Extensive",15,"w71",6.91,9.2074,7.9122,10.764,3.3979,1.3379,-0.0459,8.9197,0.0304
"Extensive",20,"w71",11.14,13.4057,12.1408,16.2063,4.6243,1.8836,-0.0445,13.7177,0.0513
"Extensive",25,"w71",12.89,17.1858,16.7295,21.8484,5.915,2.393,-0.000600000000000017,17.9665,0.0725
"Extensive",30,"w71",16.1,20.4593,21.2226,27.4143,6.9958,2.9514,0.0433,22.2964,0.0966
"Extensive",35,"w71",19.1,22.8652,26.0661,32.7403,8.052,3.5478,0.0784,25.8964,0.1224
"Extensive",40,"w71",13.73,25.4761,30.2921,38.0171,9.7607,4.1916,0.1894,29.6883,0.1412
"Extensive",45,"w71",17.42,27.8567,34.4288,42.7885,11.2856,4.858,0.287,33.6604,0.163
"Extensive",50,"w71",15.02,30.3592,38.3277,47.2195,12.7099,5.6759,0.3216,37.8872,0.1834
"Extensive",55,"w71",14.71,32.8175,42.2597,51.2595,14.0549,6.4162,0.3305,42.7152,0.2065
"Extensive",60,"w71",16.23,35.3604,46.5407,55.3162,15.5411,6.9767,0.3732,47.6435,0.231
"Extensive",65,"w71",19.21,37.9113,51.2466,59.7874,16.7835,7.5698,0.413,52.4535,0.2592
"Extensive",70,"w71",17.91,40.8117,55.6976,64.4986,18.9126,8.1418,0.5595,57.3082,0.2806
"Extensive",75,"w71",20.42,44.2799,60.1232,69.2088,20.8752,8.835,0.7084,62.2092,0.3038
"Extensive",80,"w71",12.66,48.1519,64.1875,74.0519,24.1071,9.6168,0.9487,67.1283,0.3155
"Extensive",85,"w71",11.99,52.711,68.2198,78.9818,27.115,10.6045,1.1625,71.9873,0.3256
"Extensive",90,"w71",14.39,57.816,72.3899,83.6074,29.8317,11.5996,1.2523,76.9865,0.3382
"Extensive",95,"w71",16.22,62.6676,76.6346,88.4296,32.1868,12.6035,1.2621,81.4613,0.3529
"Extensive",100,"w71",15.52,67.432,80.551,93.6118,34.3558,13.283,1.2864,86.1367,0.3661
"Extensive",5,"w76",3.37,-0.4008,-0.226700000000001,0,-0.1081,-0.0603,-0.0217,-0.3041,-5e-04
"Extensive",10,"w76",3.56,3.2568,3.8054,5.2604,1.4575,0.5682,0.01,3.9603,0.0224
"Extensive",15,"w76",4.56,6.6105,7.8622,10.4471,2.863,1.1836,0.0513,8.4351,0.0446
"Extensive",20,"w76",7.71,9.7891,12.282,15.5185,4.045,1.7827,0.0802,12.7707,0.0694
"Extensive",25,"w76",9.97,12.681,16.8026,20.4908,5.1087,2.3856,0.0927,16.9718,0.0967
"Extensive",30,"w76",10.92,14.9802,21.2035,25.3618,6.189,2.978,0.1152,21.1347,0.1231
"Extensive",35,"w76",7.65,17.2606,25.4431,30.1633,7.682,3.5438,0.2067,25.4825,0.1456
"Extensive",40,"w76",6.36,19.947,29.6649,34.875,9.6224,4.1572,0.3631,30.0763,0.1654
"Extensive",45,"w76",6.14,22.9188,33.9803,39.4827,11.6616,4.9229,0.503,34.5531,0.1842
"Extensive",50,"w76",5.73,26.1848,38.098,43.8875,13.6693,5.8127,0.5847,39.2164,0.2022
"Extensive",55,"w76",6.02,29.6063,42.1229,48.1113,15.8318,6.6195,0.6584,44.1826,0.2198
"Extensive",60,"w76",5.25,33.3197,46.3233,52.6499,18.1879,7.3282,0.7704,49.1066,0.2359
"Extensive",65,"w76",4.83,37.5303,50.5513,57.5913,20.64,8.0554,0.9077,54.0605,0.25
"Extensive",70,"w76",7.22,42.0403,54.7938,62.5282,22.7181,8.8582,0.9889,59.0049,0.2667
"Extensive",75,"w76",7.53,46.5015,58.9597,67.483,24.8454,9.6428,1.0494,63.8641,0.283
"Extensive",80,"w76",5.23,50.9032,63.0264,72.7468,27.3718,10.3379,1.1825,68.655,0.295
"Extensive",85,"w76",7.32,55.4511,67.349,78.1723,29.5216,11.0538,1.2984,73.3149,0.3092
"Extensive",90,"w76",9.44,59.8986,71.8272,83.5388,31.3506,11.8708,1.3392,77.6197,0.326
"Extensive",95,"w76",10.19,63.8954,76.082,88.8097,32.9429,12.6299,1.3424,81.6957,0.3443
"Extensive",100,"w76",10.69,67.3957,80.1211,93.986,34.2745,13.2492,1.3424,85.9351,0.3646
"Extensive",5,"w8",3.84,-0.4947,0.0945,-0.188000000000001,-0.3361,0.1133,-0.0614,-0.257300000000001,0.0031
"Extensive",10,"w8",6.68,3.6196,4.3137,5.6282,0.9552,0.8061,-0.0614,3.8576,0.02
"Extensive",15,"w8",10.77,7.003,9.0811,11.373,1.9662,1.3402,-0.0614,7.4154,0.0407
"Extensive",20,"w8",14.79,9.7877,13.9429,17.0736,2.8186,1.868,-0.0614,10.4538,0.0652
"Extensive",25,"w8",15.29,11.658,18.2439,22.584,3.5513,2.4198,-0.0614,13.0182,0.0891
"Extensive",30,"w8",7.16,13.4662,21.3729,27.3504,4.2131,3.0361,-0.0614,16.7687,0.1104
"Extensive",35,"w8",10.75,14.833,24.6724,31.1164,4.8277,3.5684,-0.0614,21.632,0.1362
"Extensive",40,"w8",11.81,16.0517,29.1102,34.9431,5.6737,4.0504,-0.0243,26.1956,0.1633
"Extensive",45,"w8",15.29,17.4363,34.1317,39.0304,6.4669,4.5691,0.0128,30.6722,0.1946
"Extensive",50,"w8",18.58,18.6124,39.1966,42.9857,7.2444,5.1327,0.0254,34.8044,0.23
"Extensive",55,"w8",14.66,20.261,43.3633,47.1966,9.4178,5.7044,0.1996,39.1321,0.253
"Extensive",60,"w8",1.57,23.3859,46.577,51.6478,13.4829,6.3301,0.6418,44.3997,0.2573
"Extensive",65,"w8",3.85,28.2137,50.2041,55.8043,17.0297,7.4207,0.9689,50.0455,0.2626
"Extensive",70,"w8",5.74,33.8151,54.2998,59.6139,20.3599,8.8217,1.062,55.4055,0.2687
"Extensive",75,"w8",7.94,39.4265,58.3955,63.6745,23.3974,9.9414,1.0642,60.3845,0.2769
"Extensive",80,"w8",10.2,44.9089,62.4935,68.5573,25.8926,10.6277,1.065,65.2901,0.289
"Extensive",85,"w8",6.78,50.5439,66.375,74.4094,28.4361,11.2231,1.1579,70.1463,0.2974
"Extensive",90,"w8",8.59,56.5961,70.2565,80.4372,30.3719,11.7897,1.2508,75.0389,0.3089
"Extensive",95,"w8",10.74,62.1536,74.2325,86.277,31.9716,12.4696,1.2823,79.6742,0.3235
"Extensive",100,"w8",12.44,66.2679,78.4517,92.0932,33.2629,13.1624,1.2823,83.7891,0.3404
"Extensive",5,"w90",3.32,-0.6105,0.0690000000000008,0.0538000000000007,-0.2789,-0.00100000000000011,-0.0258,-0.364700000000001,0.0017
"Extensive",10,"w90",6.78,3.0659,4.5479,5.6261,0.9213,0.5788,-0.0202,3.5105,0.0273
"Extensive",15,"w90",9.1,6.1561,8.9485,11.0846,1.8904,1.1485,-0.0183,7.2741,0.0548
"Extensive",20,"w90",10.33,8.5958,13.2878,16.2702,2.7333,1.6949,-0.0131,10.9789,0.0835
"Extensive",25,"w90",10.92,10.6729,17.5242,21.128,3.4643,2.2444,-0.0079,14.7778,0.1134
"Extensive",30,"w90",12.42,12.3319,21.7072,25.5822,4.1379,2.7951,-0.00610000000000001,18.9331,0.1455
"Extensive",35,"w90",13.59,13.6532,26.0941,29.7719,4.8953,3.328,0.0119,23.171,0.1789
"Extensive",40,"w90",13.39,15.084,30.5928,33.8805,5.9241,3.8573,0.0692,27.6278,0.212
"Extensive",45,"w90",11.76,16.6895,35.13,37.947,7.4106,4.4219,0.1804,32.1617,0.2434
"Extensive",50,"w90",8.78,18.7949,39.521,42.0237,9.2705,5.1024,0.3215,36.8166,0.2715
"Extensive",55,"w90",5.77,21.6273,43.6223,46.039,11.817,5.8744,0.5093,41.8431,0.2937
"Extensive",60,"w90",4.29,25.2496,47.6971,50.0701,14.6687,6.7373,0.7046,47.0384,0.3125
"Extensive",65,"w90",4.53,29.6126,51.874,54.2645,17.6198,7.6735,0.8622,52.247,0.3291
"Extensive",70,"w90",5.12,34.5217,56.0226,58.6898,20.5329,8.6221,0.9796,57.4257,0.3446
"Extensive",75,"w90",7.62,39.6924,60.2269,63.3721,23.0476,9.4766,1.0423,62.498,0.3624
"Extensive",80,"w90",6.25,44.9639,64.3197,68.4946,25.59,10.2361,1.1179,67.464,0.3784
"Extensive",85,"w90",7.77,50.2072,68.4399,73.9442,27.7691,10.9242,1.1949,72.3463,0.3958
"Extensive",90,"w90",10.24,55.2335,72.7763,79.4941,29.5243,11.6011,1.2323,76.9527,0.4162
"Extensive",95,"w90",12.39,59.6341,77.2111,85.0938,30.9552,12.2779,1.2383,81.1852,0.4393
"Extensive",100,"w90",14.03,63.2702,81.7079,90.6559,32.1179,12.8529,1.2383,85.0484,0.4649
"Extensive",5,"w91",3.86,-0.3949,0.0396000000000001,0.2706,-0.4128,0.0375000000000001,-0.0482,-0.304499999999999,0.0028
"Extensive",10,"w91",6.97,3.8192,3.8992,5.5307,1.0494,0.6091,-0.0482,3.4497,0.0169
"Extensive",15,"w91",10.34,7.8414,7.6329,10.8034,2.182,1.1405,-0.0482,7.2424,0.0331
"Extensive",20,"w91",14.49,10.9735,11.4107,15.9013,3.076,1.6187,-0.0482,11.0495,0.0528
"Extensive",25,"w91",16.39,13.4747,15.489,20.9204,3.7471,2.1024,-0.0482,14.3635,0.0741
"Extensive",30,"w91",19.31,15.6539,19.4145,25.62,4.3532,2.5896,-0.0482,18.0805,0.0978
"Extensive",35,"w91",23.23,16.948,23.6593,29.9807,4.9344,3.0504,-0.0419,21.3385,0.1247
"Extensive",40,"w91",17.5,18.3202,27.5348,34.333,5.8854,3.5609,0.0141,24.8078,0.1474
"Extensive",45,"w91",18.62,19.7597,31.1916,38.2516,7.2299,4.0869,0.1236,28.8347,0.169
"Extensive",50,"w91",19,21.5099,34.9935,41.8888,8.5199,4.7326,0.2044,32.9654,0.1913
"Extensive",55,"w91",15.44,23.6358,38.7611,45.4813,10.3795,5.4283,0.308,37.4071,0.2097
"Extensive",60,"w91",15.84,26.2833,42.5113,49.0959,12.5441,6.0992,0.449,42.0832,0.2261
"Extensive",65,"w91",18.84,29.428,46.5969,52.8518,14.4449,6.8241,0.5365,46.713,0.2455
"Extensive",70,"w91",10.9,33.1887,50.2933,57.0187,17.4328,7.5667,0.7198,51.3845,0.2546
"Extensive",75,"w91",13.61,37.6565,53.9897,61.3546,19.9724,8.32,0.8823,56.1429,0.2658
"Extensive",80,"w91",10.98,42.6099,57.6078,65.8303,22.8288,9.1571,1.0178,60.9123,0.273
"Extensive",85,"w91",10.51,47.6672,61.2329,70.5702,25.4853,10.0355,1.1299,65.4649,0.2796
"Extensive",90,"w91",12.81,52.8985,65.0657,75.4133,27.7417,10.7523,1.1889,69.8482,0.2889
"Extensive",95,"w91",15.12,57.7522,68.9212,80.5431,29.5842,11.5102,1.1997,73.9098,0.3008
"Extensive",100,"w91",16.29,61.9773,72.7557,85.8082,31.0495,12.0829,1.1997,77.6749,0.3148
